,Unnamed: 0,CODUSU,ANO4_x,TRIMESTRE_x,NRO_HOGAR,COMPONENTE,H15,REGION_x,MAS_500_x,AGLOMERADO_x,PONDERA_x,CH03,CH04,CH05,CH06,CH07,CH08,CH09,CH10,CH11,CH12,CH13,CH14,CH15,CH15_COD,CH16,CH16_COD,NIVEL_ED,ESTADO,CAT_OCUP,CAT_INAC,IMPUTA,PP02C1,PP02C2,PP02C3,PP02C4,PP02C5,PP02C6,PP02C7,PP02C8,PP02E,PP02H,PP02I,PP03C,PP03D,PP3E_TOT,PP3F_TOT,PP03G,PP03H,PP03I,PP03J,INTENSI,PP04A,PP04B_COD,PP04B1,PP04B2,PP04B3_MES,PP04B3_ANO,PP04B3_DIA,PP04C,PP04C99,PP04D_COD,PP04G,PP05B2_MES,PP05B2_ANO,PP05B2_DIA,PP05C_1,PP05C_2,PP05C_3,PP05E,PP05F,PP05H,PP06A,PP06C,PP06D,PP06E,PP06H,PP07A,PP07C,PP07D,PP07E,PP07F1,PP07F2,PP07F3,PP07F4,PP07F5,PP07G1,PP07G2,PP07G3,PP07G4,PP07G_59,PP07H,PP07I,PP07J,PP07K,PP08D1,PP08D4,PP08F1,PP08F2,PP08J1,PP08J2,PP08J3,PP09A,PP09A_ESP,PP09B,PP09C,PP09C_ESP,PP10A,PP10C,PP10D,PP10E,PP11A,PP11B_COD,PP11B1,PP11B2_MES,PP11B2_ANO,PP11B2_DIA,PP11C,PP11C99,PP11D_COD,PP11G_ANO,PP11G_MES,PP11G_DIA,PP11L,PP11L1,PP11M,PP11N,PP11O,PP11P,PP11Q,PP11R,PP11S,PP11T,P21,DECOCUR,IDECOCUR,RDECOCUR,GDECOCUR,PDECOCUR,ADECOCUR,PONDIIO,TOT_P12,P47T,DECINDR,IDECINDR,RDECINDR,GDECINDR,PDECINDR,ADECINDR,PONDII,V2_M,V3_M,V4_M,V5_M,V8_M,V9_M,V10_M,V11_M,V12_M,V18_M,V19_AM,V21_M,T_VI,ITF_x,DECIFR_x,IDECIFR_x,RDECIFR_x,GDECIFR_x,PDECIFR_x,ADECIFR_x,IPCF_x,DECCFR_x,IDECCFR_x,RDECCFR_x,GDECCFR_x,PDECCFR_x,ADECCFR_x,PONDIH_x,ANO4_y,TRIMESTRE_y,REALIZADA,REGION_y,MAS_500_y,AGLOMERADO_y,PONDERA_y,IV1,IV1_ESP,IV2,IV3,IV3_ESP,IV4,IV5,IV6,IV7,IV7_ESP,IV8,IV9,IV10,IV11,IV12_1,IV12_2,IV12_3,II1,II2,II3,II3_1,II4_1,II4_2,II4_3,II5,II5_1,II6,II6_1,II7,II7_ESP,II8,II8_ESP,II9,V1,V2,V21,V22,V3,V4,V5,V6,V7,V8,V9,V10,V11,V12,V13,V14,V15,V16,V17,V18,V19_A,V19_B,IX_TOT,IX_MEN10,IX_MAYEQ10,ITF_y,DECIFR_y,IDECIFR_y,RDECIFR_y,GDECIFR_y,PDECIFR_y,ADECIFR_y,IPCF_y,DECCFR_y,IDECCFR_y,RDECCFR_y,GDECCFR_y,PDECCFR_y,ADECCFR_y,PONDIH_y,VII1_1,VII1_2,VII2_1,VII2_2,VII2_3,VII2_4
0,0,TQRMNORVWHLMKOCDEOHCH00720228,2023,1,1,5,0,44,N,91,112,5,1,2015-10-29 00:00:00,7,5,1.0,1,1,1,2,2,2.0,2,,1,,1,4,0,3,,0,0,0,0,0,0,0,0,0,0,0,,,,,,,,,,,,,,,,,,,,,,,,,,,,,,,,,,,,,,,,,,,,,,,,,,,,,,,,,,,,,,,,,,,,,,,,,,,,,,,,,,,,,,,,,,,0,0,0.0,0,,0.0,0,112,0,0.0,0,0.0,0,,0.0,0,112,0,0,0,0,0,0,0,0,0,0,0,0,0,398500,9,9.0,9,,10.0,9,79700.0,6,6.0,5,,7.0,5,133,2023,1,1,44,N,91,112,1,,4,1,,2,1,1,1,,1,1,1,1,2,2,2,4,3,2,0,1,1,1,2,0,2,0,6,,1,,1,1,2,2,2,2,2,2,2,2,2,2,2,2,2,2,2,2,2,2,2,2,2,5,1,4,398500,9,9.0,9,,10.0,9,79700.0,6,6.0,5,,7.0,5,133,2,0,96,0,0,0
1,1,TQRMNORVWHLMKOCDEOHCH00720228,2023,1,1,1,1,44,N,91,112,1,1,1972-12-27 00:00:00,50,2,1.0,1,2,0,7,1,,3,86.0,1,,6,1,3,0,,0,0,0,0,0,0,0,0,0,0,0,0.0,0.0,0.0,0.0,2.0,0.0,2.0,2.0,4.0,1.0,4000.0,2.0,0.0,0.0,0.0,0.0,12.0,0.0,10332.0,1.0,0.0,0.0,0.0,0.0,0.0,0.0,0.0,0.0,0.0,0.0,0.0,0.0,0.0,0.0,6.0,2.0,0.0,0.0,2.0,2.0,2.0,2.0,5.0,1.0,1.0,1.0,1.0,0.0,1.0,0.0,1.0,1.0,180000.0,0.0,0.0,0.0,75000.0,0.0,0.0,0.0,,0.0,0.0,,,,,,,,,,,,,,,,,,,,,,,,,,,,180000,9,9.0,7,,9.0,9,107,0,255000.0,10,10.0,9,,10.0,10,116,0,0,0,0,0,0,0,0,0,0,0,0,0,398500,9,9.0,9,,10.0,9,79700.0,6,6.0,5,,7.0,5,133,2023,1,1,44,N,91,112,1,,4,1,,2,1,1,1,,1,1,1,1,2,2,2,4,3,2,0,1,1,1,2,0,2,0,6,,1,,1,1,2,2,2,2,2,2,2,2,2,2,2,2,2,2,2,2,2,2,2,2,2,5,1,4,398500,9,9.0,9,,10.0,9,79700.0,6,6.0,5,,7.0,5,133,2,0,96,0,0,0
2,2,TQRMNORVWHLMKOCDEOHCH00720228,2023,1,1,2,1,44,N,91,112,2,2,1974-09-04 00:00:00,48,2,1.0,1,2,0,6,1,,3,6.0,1,,6,1,3,0,,0,0,0,0,0,0,0,0,0,0,0,0.0,0.0,0.0,0.0,2.0,0.0,2.0,2.0,4.0,1.0,8501.0,2.0,0.0,0.0,0.0,0.0,7.0,0.0,41312.0,1.0,0.0,0.0,0.0,0.0,0.0,0.0,0.0,0.0,0.0,0.0,0.0,0.0,0.0,0.0,6.0,2.0,0.0,0.0,2.0,2.0,2.0,2.0,5.0,1.0,1.0,1.0,1.0,0.0,1.0,0.0,1.0,1.0,100000.0,0.0,0.0,0.0,43500.0,0.0,0.0,0.0,,0.0,0.0,,,,,,,,,,,,,,,,,,,,,,,,,,,,100000,6,6.0,4,,6.0,5,113,0,143500.0,8,8.0,6,,8.0,7,119,0,0,0,0,0,0,0,0,0,0,0,0,0,398500,9,9.0,9,,10.0,9,79700.0,6,6.0,5,,7.0,5,133,2023,1,1,44,N,91,112,1,,4,1,,2,1,1,1,,1,1,1,1,2,2,2,4,3,2,0,1,1,1,2,0,2,0,6,,1,,1,1,2,2,2,2,2,2,2,2,2,2,2,2,2,2,2,2,2,2,2,2,2,5,1,4,398500,9,9.0,9,,10.0,9,79700.0,6,6.0,5,,7.0,5,133,2,0,96,0,0,0
3,3,TQRMNORVWHLMKOCDEOHCH00720228,2023,1,1,3,1,44,N,91,112,5,1,2002-07-18 00:00:00,20,5,1.0,1,1,1,4,2,6.0,3,6.0,1,,3,3,0,3,,0,0,0,0,0,0,0,0,0,2,2,,,,,,,,,,,,,,,,,,,,,,,,,,,,,,,,,,,,,,,,,,,,,,,,,,,,,,,,,,,,,,,,,,,,,,,,,,,,,,,,,,,,,,,,,,,0,0,0.0,0,,0.0,0,112,0,0.0,0,0.0,0,,0.0,0,112,0,0,0,0,0,0,0,0,0,0,0,0,0,398500,9,9.0,9,,10.0,9,79700.0,6,6.0,5,,7.0,5,133,2023,1,1,44,N,91,112,1,,4,1,,2,1,1,1,,1,1,1,1,2,2,2,4,3,2,0,1,1,1,2,0,2,0,6,,1,,1,1,2,2,2,2,2,2,2,2,2,2,2,2,2,2,2,2,2,2,2,2,2,5,1,4,398500,9,9.0,9,,10.0,9,79700.0,6,6.0,5,,7.0,5,133,2,0,96,0,0,0
4,4,TQRMNORVWHLMKOCDEOHCH00720228,2023,1,1,4,1,44,N,91,112,5,2,2013-01-04 00:00:00,10,5,1.0,1,1,1,2,2,4.0,1,,1,,1,3,0,3,,0,0,0,0,0,0,0,0,0,2,2,,,,,,,,,,,,,,,,,,,,,,,,,,,,,,,,,,,,,,,,,,,,,,,,,,,,,,,,,,,,,,,,,,,,,,,,,,,,,,,,,,,,,,,,,,,0,0,0.0,0,,0.0,0,112,0,0.0,0,0.0,0,,0.0,0,112,0,0,0,0,0,0,0,0,0,0,0,0,0,398500,9,9.0,9,,10.0,9,79700.0,6,6.0,5,,7.0,5,133,2023,1,1,44,N,91,112,1,,4,1,,2,1,1,1,,1,1,1,1,2,2,2,4,3,2,0,1,1,1,2,0,2,0,6,,1,,1,1,2,2,2,2,2,2,2,2,2,2,2,2,2,2,2,2,2,2,2,2,2,5,1,4,398500,9,9.0,9,,10.0,9,79700.0,6,6.0,5,,7.0,5,133,2,0,96,0,0,0
5,5,TQRMNOPSTHKMKPCDEOHCH00781447,2023,1,1,1,1,44,N,91,190,1,2,1939-05-29 00:00:00,83,4,1.0,1,2,0,4,1,,2,,1,,4,3,0,1,,0,0,0,0,0,0,0,0,0,2,2,,,,,,,,,,,,,,,,,,,,,,,,,,,,,,,,,,,,,,,,,,,,,,,,,,,,,,,,,,,,,,,,,,,,,,,,,,,,,,,,,,,,,,,,,,,0,0,0.0,0,,0.0,0,190,0,180000.0,8,9.0,7,,9.0,8,192,120000,0,0,0,0,0,0,0,0,0,0,60000,180000,180000,6,6.0,4,,6.0,5,180000.0,9,10.0,9,,10.0,9,200,2023,1,1,44,N,91,190,1,,5,1,,2,1,1,1,,1,1,1,1,2,2,2,5,3,2,0,1,1,2,2,0,2,0,1,,1,,1,2,1,1,2,2,2,2,2,2,2,2,2,2,2,2,2,2,2,2,2,2,2,1,0,1,180000,6,6.0,4,,6.0,5,180000.0,9,10.0,9,,10.0,9,200,1,0,98,0,0,0
6,6,TQRMNOQSXHMOKRCDEOHCH00803177,2023,1,1,1,1,44,N,91,134,1,2,1992-12-20 00:00:00,30,1,1.0,1,2,0,4,1,,1,,1,,4,1,3,0,,0,0,0,0,0,0,0,0,0,0,0,0.0,0.0,0.0,0.0,2.0,0.0,2.0,2.0,4.0,1.0,8401.0,2.0,0.0,0.0,0.0,0.0,12.0,0.0,20332.0,1.0,0.0,0.0,0.0,0.0,0.0,0.0,0.0,0.0,0.0,0.0,0.0,0.0,0.0,0.0,6.0,2.0,0.0,0.0,2.0,2.0,2.0,2.0,5.0,1.0,1.0,1.0,1.0,0.0,1.0,0.0,1.0,1.0,130000.0,0.0,0.0,0.0,0.0,0.0,0.0,0.0,,0.0,0.0,,,,,,,,,,,,,,,,,,,,,,,,,,,,130000,7,8.0,5,,8.0,7,124,0,130000.0,7,8.0,6,,8.0,6,135,0,0,0,0,0,0,0,0,0,0,0,0,0,290000,8,8.0,7,,8.0,8,145000.0,9,9.0,8,,9.0,8,140,2023,1,1,44,N,91,134,1,,3,1,,4,1,1,1,,1,1,1,1,2,2,2,3,1,2,0,1,1,2,2,0,2,0,3,,1,,1,1,2,2,2,2,2,2,2,2,2,2,2,2,2,1,2,1,1,1,2,2,2,2,0,2,290000,8,8.0,7,,8.0,8,145000.0,9,9.0,8,,9.0,8,140,1,2,98,0,0,0
7,7,TQRMNOQSXHMOKRCDEOHCH00803177,2023,1,1,2,1,44,N,91,134,2,1,1990-08-20 00:00:00,32,1,1.0,1,2,0,4,1,,1,,1,,4,1,3,0,,0,0,0,0,0,0,0,0,0,0,0,0.0,0.0,0.0,0.0,2.0,0.0,2.0,2.0,4.0,2.0,4808.0,2.0,0.0,0.0,0.0,0.0,8.0,0.0,30313.0,1.0,0.0,0.0,0.0,0.0,0.0,0.0,0.0,0.0,0.0,0.0,0.0,0.0,0.0,0.0,6.0,2.0,0.0,0.0,1.0,2.0,2.0,2.0,0.0,2.0,1.0,1.0,1.0,0.0,1.0,0.0,1.0,1.0,160000.0,0.0,0.0,0.0,0.0,0.0,0.0,0.0,,0.0,0.0,,,,,,,,,,,,,,,,,,,,,,,,,,,,160000,8,9.0,7,,9.0,8,129,0,160000.0,8,8.0,6,,8.0,7,136,0,0,0,0,0,0,0,0,0,0,0,0,0,290000,8,8.0,7,,8.0,8,145000.0,9,9.0,8,,9.0,8,140,2023,1,1,44,N,91,134,1,,3,1,,4,1,1,1,,1,1,1,1,2,2,2,3,1,2,0,1,1,2,2,0,2,0,3,,1,,1,1,2,2,2,2,2,2,2,2,2,2,2,2,2,1,2,1,1,1,2,2,2,2,0,2,290000,8,8.0,7,,8.0,8,145000.0,9,9.0,8,,9.0,8,140,1,2,98,0,0,0
8,8,TQRMNOQYTHMNKSCDEOHCH00803178,2023,1,1,1,1,44,N,91,120,1,1,1977-07-02 00:00:00,45,2,1.0,1,2,0,4,2,1.0,1,,1,,3,1,3,0,,0,0,0,0,0,0,0,0,0,0,0,2.0,2.0,40.0,25.0,2.0,0.0,2.0,2.0,3.0,1.0,8401.0,2.0,0.0,0.0,0.0,0.0,8.0,0.0,72323.0,9.0,0.0,0.0,0.0,0.0,0.0,0.0,0.0,0.0,0.0,0.0,0.0,0.0,0.0,0.0,6.0,2.0,0.0,0.0,2.0,2.0,2.0,2.0,5.0,2.0,2.0,2.0,2.0,5.0,2.0,1.0,1.0,3.0,50000.0,0.0,0.0,0.0,0.0,0.0,0.0,0.0,,0.0,0.0,,,,,,,,,,,,,,,,,,,,,,,,,,,,50000,3,3.0,2,,3.0,2,128,-9,-9.0,12,12.0,12,,12.0,12,0,0,0,0,0,0,0,0,0,0,0,0,0,0,0,12,12.0,12,,12.0,12,0.0,12,12.0,12,,12.0,12,0,2023,1,1,44,N,91,120,1,,2,2,,4,1,1,1,,1,1,1,1,2,2,2,2,2,2,0,1,2,2,2,0,2,0,1,,1,,1,1,2,2,2,2,2,2,2,2,2,2,2,2,2,2,2,2,2,2,2,2,2,6,1,5,0,12,12.0,12,,12.0,12,0.0,12,12.0,12,,12.0,12,0,2,0,3,4,0,0
9,9,TQRMNOQYTHMNKSCDEOHCH00803178,2023,1,1,2,1,44,N,91,120,2,2,1985-08-29 00:00:00,37,2,4.0,1,2,0,4,2,1.0,1,,1,,3,1,3,0,,0,0,0,0,0,0,0,0,0,0,0,1.0,0.0,12.0,0.0,2.0,0.0,2.0,2.0,2.0,2.0,9700.0,1.0,1.0,0.0,1.0,0.0,0.0,0.0,55314.0,0.0,0.0,0.0,0.0,0.0,0.0,0.0,0.0,0.0,0.0,0.0,0.0,0.0,0.0,0.0,0.0,0.0,0.0,0.0,2.0,2.0,2.0,2.0,5.0,2.0,2.0,2.0,2.0,5.0,2.0,2.0,1.0,4.0,15000.0,0.0,0.0,0.0,0.0,0.0,0.0,0.0,,0.0,0.0,,,,,,,,,,,,,,,,,,,,,,,,,,,,15000,1,1.0,1,,1.0,1,127,0,15000.0,1,1.0,1,,1.0,1,127,0,0,0,0,0,0,0,0,0,0,0,0,0,0,12,12.0,12,,12.0,12,0.0,12,12.0,12,,12.0,12,0,2023,1,1,44,N,91,120,1,,2,2,,4,1,1,1,,1,1,1,1,2,2,2,2,2,2,0,1,2,2,2,0,2,0,1,,1,,1,1,2,2,2,2,2,2,2,2,2,2,2,2,2,2,2,2,2,2,2,2,2,6,1,5,0,12,12.0,12,,12.0,12,0.0,12,12.0,12,,12.0,12,0,2,0,3,4,0,0
10,10,TQRMNOQYTHMNKSCDEOHCH00803178,2023,1,1,3,1,44,N,91,120,3,2,2004-09-29 00:00:00,18,5,4.0,1,1,1,4,2,4.0,1,,1,,3,3,0,3,,0,0,0,0,0,0,0,0,0,2,2,,,,,,,,,,,,,,,,,,,,,,,,,,,,,,,,,,,,,,,,,,,,,,,,,,,,,,,,,,,,,,,,,,,,,,,,,,,,,,,,,,,,,,,,,,,0,0,0.0,0,,0.0,0,120,0,0.0,0,0.0,0,,0.0,0,120,0,0,0,0,0,0,0,0,0,0,0,0,0,0,12,12.0,12,,12.0,12,0.0,12,12.0,12,,12.0,12,0,2023,1,1,44,N,91,120,1,,2,2,,4,1,1,1,,1,1,1,1,2,2,2,2,2,2,0,1,2,2,2,0,2,0,1,,1,,1,1,2,2,2,2,2,2,2,2,2,2,2,2,2,2,2,2,2,2,2,2,2,6,1,5,0,12,12.0,12,,12.0,12,0.0,12,12.0,12,,12.0,12,0,2,0,3,4,0,0
11,11,TQRMNOQYTHMNKSCDEOHCH00803178,2023,1,1,4,1,44,N,91,120,3,2,2008-10-02 00:00:00,14,5,4.0,1,1,1,4,2,0.0,1,,1,,3,3,0,3,,0,0,0,0,0,0,0,0,0,2,2,,,,,,,,,,,,,,,,,,,,,,,,,,,,,,,,,,,,,,,,,,,,,,,,,,,,,,,,,,,,,,,,,,,,,,,,,,,,,,,,,,,,,,,,,,,0,0,0.0,0,,0.0,0,120,0,0.0,0,0.0,0,,0.0,0,120,0,0,0,0,0,0,0,0,0,0,0,0,0,0,12,12.0,12,,12.0,12,0.0,12,12.0,12,,12.0,12,0,2023,1,1,44,N,91,120,1,,2,2,,4,1,1,1,,1,1,1,1,2,2,2,2,2,2,0,1,2,2,2,0,2,0,1,,1,,1,1,2,2,2,2,2,2,2,2,2,2,2,2,2,2,2,2,2,2,2,2,2,6,1,5,0,12,12.0,12,,12.0,12,0.0,12,12.0,12,,12.0,12,0,2,0,3,4,0,0
12,12,TQRMNOQYTHMNKSCDEOHCH00803178,2023,1,1,5,1,44,N,91,120,3,2,2012-10-19 00:00:00,10,5,4.0,1,1,1,2,2,4.0,1,,1,,1,3,0,3,,0,0,0,0,0,0,0,0,0,2,2,,,,,,,,,,,,,,,,,,,,,,,,,,,,,,,,,,,,,,,,,,,,,,,,,,,,,,,,,,,,,,,,,,,,,,,,,,,,,,,,,,,,,,,,,,,0,0,0.0,0,,0.0,0,120,0,0.0,0,0.0,0,,0.0,0,120,0,0,0,0,0,0,0,0,0,0,0,0,0,0,12,12.0,12,,12.0,12,0.0,12,12.0,12,,12.0,12,0,2023,1,1,44,N,91,120,1,,2,2,,4,1,1,1,,1,1,1,1,2,2,2,2,2,2,0,1,2,2,2,0,2,0,1,,1,,1,1,2,2,2,2,2,2,2,2,2,2,2,2,2,2,2,2,2,2,2,2,2,6,1,5,0,12,12.0,12,,12.0,12,0.0,12,12.0,12,,12.0,12,0,2,0,3,4,0,0
13,13,TQRMNOQYTHMNKSCDEOHCH00803178,2023,1,1,6,0,44,N,91,120,3,1,2014-07-02 00:00:00,8,5,4.0,1,1,1,2,2,2.0,1,,1,,1,4,0,3,,0,0,0,0,0,0,0,0,0,0,0,,,,,,,,,,,,,,,,,,,,,,,,,,,,,,,,,,,,,,,,,,,,,,,,,,,,,,,,,,,,,,,,,,,,,,,,,,,,,,,,,,,,,,,,,,,0,0,0.0,0,,0.0,0,120,0,0.0,0,0.0,0,,0.0,0,120,0,0,0,0,0,0,0,0,0,0,0,0,0,0,12,12.0,12,,12.0,12,0.0,12,12.0,12,,12.0,12,0,2023,1,1,44,N,91,120,1,,2,2,,4,1,1,1,,1,1,1,1,2,2,2,2,2,2,0,1,2,2,2,0,2,0,1,,1,,1,1,2,2,2,2,2,2,2,2,2,2,2,2,2,2,2,2,2,2,2,2,2,6,1,5,0,12,12.0,12,,12.0,12,0.0,12,12.0,12,,12.0,12,0,2,0,3,4,0,0
14,14,TQRMNOPYXHLMKNCDEIOAH00720098,2023,1,1,1,1,43,N,38,83,1,1,1900-01-01 00:00:00,35,2,1.0,1,2,0,4,1,,1,,1,,4,1,3,0,,0,0,0,0,0,0,0,0,0,0,0,1.0,0.0,66.0,0.0,2.0,0.0,2.0,2.0,3.0,2.0,2400.0,2.0,0.0,0.0,0.0,0.0,12.0,0.0,90313.0,1.0,0.0,0.0,0.0,0.0,0.0,0.0,0.0,0.0,0.0,0.0,0.0,0.0,0.0,0.0,6.0,2.0,0.0,0.0,2.0,2.0,2.0,2.0,5.0,1.0,1.0,1.0,1.0,0.0,1.0,0.0,3.0,1.0,250000.0,0.0,0.0,0.0,0.0,0.0,0.0,0.0,,0.0,0.0,,,,,,,,,,,,,,,,,,,,,,,,,,,,250000,10,10.0,10,,10.0,10,95,0,250000.0,10,10.0,10,,10.0,10,98,0,0,0,0,0,0,0,0,0,0,0,0,0,250000,7,8.0,7,,8.0,7,83333.33,6,7.0,6,,7.0,7,86,2023,1,1,43,N,38,83,1,,2,1,,4,1,1,1,,1,1,1,1,2,2,2,2,2,2,0,1,1,2,2,0,2,0,3,,1,,1,1,2,2,2,2,2,2,2,2,2,2,2,2,2,2,2,2,1,2,2,2,2,3,1,2,250000,7,8.0,7,,8.0,7,83333.33,6,7.0,6,,7.0,7,86,1,2,98,0,0,0
15,15,TQRMNOPYXHLMKNCDEIOAH00720098,2023,1,1,2,1,43,N,38,83,2,2,1900-01-01 00:00:00,29,2,1.0,1,2,0,4,1,,3,6.0,1,,4,3,0,4,,0,0,0,0,0,0,0,0,0,2,2,,,,,,,,,,,,,,,,,,,,,,,,,,,,,,,,,,,,,,,,,,,,,,,,,,,,,,,,,,,,,,,,,,,,,,,,,,,,,,,,,,,,,,,,,,,0,0,0.0,0,,0.0,0,83,0,0.0,0,0.0,0,,0.0,0,83,0,0,0,0,0,0,0,0,0,0,0,0,0,250000,7,8.0,7,,8.0,7,83333.33,6,7.0,6,,7.0,7,86,2023,1,1,43,N,38,83,1,,2,1,,4,1,1,1,,1,1,1,1,2,2,2,2,2,2,0,1,1,2,2,0,2,0,3,,1,,1,1,2,2,2,2,2,2,2,2,2,2,2,2,2,2,2,2,1,2,2,2,2,3,1,2,250000,7,8.0,7,,8.0,7,83333.33,6,7.0,6,,7.0,7,86,1,2,98,0,0,0
16,16,TQRMNOPYXHLMKNCDEIOAH00720098,2023,1,1,3,0,43,N,38,83,3,2,1900-01-01 00:00:00,8,5,1.0,1,1,1,2,2,2.0,1,,1,,1,4,0,3,,0,0,0,0,0,0,0,0,0,0,0,,,,,,,,,,,,,,,,,,,,,,,,,,,,,,,,,,,,,,,,,,,,,,,,,,,,,,,,,,,,,,,,,,,,,,,,,,,,,,,,,,,,,,,,,,,0,0,0.0,0,,0.0,0,83,0,0.0,0,0.0,0,,0.0,0,83,0,0,0,0,0,0,0,0,0,0,0,0,0,250000,7,8.0,7,,8.0,7,83333.33,6,7.0,6,,7.0,7,86,2023,1,1,43,N,38,83,1,,2,1,,4,1,1,1,,1,1,1,1,2,2,2,2,2,2,0,1,1,2,2,0,2,0,3,,1,,1,1,2,2,2,2,2,2,2,2,2,2,2,2,2,2,2,2,1,2,2,2,2,3,1,2,250000,7,8.0,7,,8.0,7,83333.33,6,7.0,6,,7.0,7,86,1,2,98,0,0,0
17,17,TQRMNOQTTHMNKPCDEIOAH00803054,2023,1,1,1,1,43,N,38,142,1,1,1994-12-24 00:00:00,28,5,1.0,1,2,0,7,2,5.0,1,,1,,5,1,3,0,,0,0,0,0,0,0,0,0,0,0,0,1.0,0.0,40.0,0.0,2.0,0.0,2.0,2.0,2.0,2.0,8000.0,2.0,0.0,0.0,0.0,0.0,12.0,0.0,47313.0,1.0,0.0,0.0,0.0,0.0,0.0,0.0,0.0,0.0,0.0,0.0,0.0,0.0,0.0,0.0,2.0,9.0,9.0,2.0,2.0,2.0,2.0,2.0,5.0,1.0,1.0,1.0,1.0,0.0,1.0,0.0,3.0,1.0,150000.0,0.0,0.0,0.0,0.0,0.0,0.0,0.0,,0.0,0.0,,,,,,,,,,,,,,,,,,,,,,,,,,,,150000,8,9.0,8,,9.0,7,191,0,150000.0,8,8.0,8,,8.0,7,178,0,0,0,0,0,0,0,0,0,0,0,0,0,150000,5,5.0,5,,5.0,5,150000.0,9,9.0,9,,9.0,9,184,2023,1,1,43,N,38,142,1,,2,1,,4,1,1,1,,1,1,1,1,2,2,2,2,1,2,0,1,2,2,2,0,2,0,6,,2,,1,1,2,2,2,2,2,2,2,2,2,2,2,2,2,2,2,2,2,2,2,2,2,1,0,1,150000,5,5.0,5,,5.0,5,150000.0,9,9.0,9,,9.0,9,184,1,0,98,0,0,0
18,18,TQRMNOSRPHLMKOCDEIOAH00720100,2023,1,1,1,1,43,N,38,81,1,1,1900-01-01 00:00:00,36,2,1.0,1,2,0,2,1,,1,,1,,2,1,3,0,,0,0,0,0,0,0,0,0,0,0,0,1.0,0.0,40.0,0.0,2.0,0.0,2.0,2.0,2.0,2.0,5202.0,2.0,0.0,0.0,0.0,0.0,99.0,3.0,36313.0,1.0,0.0,0.0,0.0,0.0,0.0,0.0,0.0,0.0,0.0,0.0,0.0,0.0,0.0,0.0,6.0,2.0,0.0,0.0,2.0,2.0,2.0,2.0,5.0,1.0,1.0,1.0,1.0,0.0,1.0,0.0,1.0,1.0,80000.0,0.0,0.0,0.0,40000.0,0.0,0.0,0.0,,0.0,0.0,,,,,,,,,,,,,,,,,,,,,,,,,,,,80000,4,5.0,4,,5.0,4,94,0,120000.0,7,7.0,7,,7.0,7,96,0,0,0,0,0,0,0,0,0,0,0,0,0,136800,4,4.0,4,,4.0,4,45600.0,3,3.0,3,,4.0,3,123,2023,1,1,43,N,38,81,1,,3,1,,4,1,1,1,,1,1,1,1,2,2,2,3,3,2,0,1,2,2,2,0,2,0,6,,1,,1,1,2,2,2,2,2,2,2,2,2,2,2,2,2,2,2,2,2,2,2,2,2,3,0,3,136800,4,4.0,4,,4.0,4,45600.0,3,3.0,3,,4.0,3,123,2,0,98,0,0,0
19,19,TQRMNOSRPHLMKOCDEIOAH00720100,2023,1,1,2,1,43,N,38,81,2,2,1986-12-05 00:00:00,36,2,1.0,1,2,0,4,1,,1,,1,,4,1,3,0,,0,0,0,0,0,0,0,0,0,0,0,1.0,0.0,12.0,0.0,2.0,0.0,2.0,2.0,2.0,2.0,9700.0,1.0,1.0,0.0,5.0,0.0,0.0,0.0,55314.0,0.0,0.0,0.0,0.0,0.0,0.0,0.0,0.0,0.0,0.0,0.0,0.0,0.0,0.0,0.0,0.0,0.0,0.0,0.0,2.0,2.0,2.0,2.0,5.0,2.0,2.0,2.0,2.0,5.0,2.0,2.0,1.0,4.0,16800.0,0.0,0.0,0.0,0.0,0.0,0.0,0.0,,0.0,0.0,,,,,,,,,,,,,,,,,,,,,,,,,,,,16800,1,1.0,1,,1.0,1,106,0,16800.0,1,1.0,1,,1.0,1,98,0,0,0,0,0,0,0,0,0,0,0,0,0,136800,4,4.0,4,,4.0,4,45600.0,3,3.0,3,,4.0,3,123,2023,1,1,43,N,38,81,1,,3,1,,4,1,1,1,,1,1,1,1,2,2,2,3,3,2,0,1,2,2,2,0,2,0,6,,1,,1,1,2,2,2,2,2,2,2,2,2,2,2,2,2,2,2,2,2,2,2,2,2,3,0,3,136800,4,4.0,4,,4.0,4,45600.0,3,3.0,3,,4.0,3,123,2,0,98,0,0,0
20,20,TQRMNOSRPHLMKOCDEIOAH00720100,2023,1,1,4,1,43,N,38,81,3,2,2006-02-07 00:00:00,16,5,1.0,1,1,1,4,2,2.0,1,,1,,3,3,0,3,,0,0,0,0,0,0,0,0,0,2,2,,,,,,,,,,,,,,,,,,,,,,,,,,,,,,,,,,,,,,,,,,,,,,,,,,,,,,,,,,,,,,,,,,,,,,,,,,,,,,,,,,,,,,,,,,,0,0,0.0,0,,0.0,0,81,0,0.0,0,0.0,0,,0.0,0,81,0,0,0,0,0,0,0,0,0,0,0,0,0,136800,4,4.0,4,,4.0,4,45600.0,3,3.0,3,,4.0,3,123,2023,1,1,43,N,38,81,1,,3,1,,4,1,1,1,,1,1,1,1,2,2,2,3,3,2,0,1,2,2,2,0,2,0,6,,1,,1,1,2,2,2,2,2,2,2,2,2,2,2,2,2,2,2,2,2,2,2,2,2,3,0,3,136800,4,4.0,4,,4.0,4,45600.0,3,3.0,3,,4.0,3,123,2,0,98,0,0,0
21,21,TQRMNOQUYHKMKQCDEIOAH00781302,2023,1,1,1,1,43,N,38,24,1,1,1977-01-22 00:00:00,46,3,4.0,1,2,0,2,1,,3,6.0,1,,2,1,2,0,,0,0,0,0,0,0,0,0,0,0,0,2.0,2.0,24.0,12.0,2.0,0.0,2.0,2.0,2.0,2.0,8102.0,2.0,0.0,0.0,0.0,0.0,1.0,0.0,58123.0,8.0,0.0,0.0,0.0,1.0,3.0,1.0,1.0,7.0,6.0,2.0,100000.0,0.0,0.0,0.0,0.0,0.0,0.0,0.0,0.0,0.0,0.0,0.0,0.0,0.0,0.0,0.0,0.0,0.0,0.0,0.0,0.0,0.0,0.0,0.0,0.0,0.0,0.0,0.0,0.0,0.0,,0.0,0.0,,,,,,,,,,,,,,,,,,,,,,,,,,,,100000,6,6.0,5,,6.0,5,32,35000,215000.0,9,9.0,9,,9.0,9,31,0,0,0,0,80000,0,0,0,0,0,0,0,80000,215000,7,7.0,7,,7.0,7,215000.0,10,10.0,10,,10.0,10,30,2023,1,1,43,N,38,24,1,,1,2,,4,1,1,1,,1,1,1,2,2,2,2,1,1,2,0,1,2,2,2,0,2,0,1,,2,,1,1,2,2,2,2,2,2,2,2,1,2,2,2,2,2,2,2,1,2,2,2,2,1,0,1,215000,7,7.0,7,,7.0,7,215000.0,10,10.0,10,,10.0,10,30,1,0,98,0,0,0
22,22,TQRMNORUXHMMKPCDEIGED00801517,2023,1,1,1,1,43,N,30,128,1,2,1942-02-02 00:00:00,81,2,1.0,1,2,0,2,1,,2,,1,,2,3,0,1,,0,0,0,0,0,0,0,0,0,2,2,,,,,,,,,,,,,,,,,,,,,,,,,,,,,,,,,,,,,,,,,,,,,,,,,,,,,,,,,,,,,,,,,,,,,,,,,,,,,,,,,,,,,,,,,,,0,0,0.0,0,,0.0,0,128,0,81000.0,5,5.0,5,,5.0,4,154,54000,0,0,0,0,0,0,0,0,0,0,27000,81000,165000,5,5.0,5,,5.0,5,82500.0,6,7.0,6,,7.0,5,197,2023,1,1,43,N,30,128,2,,1,1,,1,1,1,1,,1,1,1,1,2,2,2,1,1,2,0,1,2,2,2,0,2,0,1,,1,,1,2,1,1,2,2,2,2,2,1,2,2,2,2,2,2,2,2,2,2,2,2,2,2,0,2,165000,5,5.0,5,,5.0,5,82500.0,6,7.0,6,,7.0,5,197,1,0,98,0,0,0
23,23,TQRMNORUXHMMKPCDEIGED00801517,2023,1,1,2,1,43,N,30,128,2,1,1937-08-01 00:00:00,85,2,1.0,1,2,0,4,1,,2,,1,,4,3,0,1,,0,0,0,0,0,0,0,0,0,2,2,,,,,,,,,,,,,,,,,,,,,,,,,,,,,,,,,,,,,,,,,,,,,,,,,,,,,,,,,,,,,,,,,,,,,,,,,,,,,,,,,,,,,,,,,,,0,0,0.0,0,,0.0,0,128,0,84000.0,5,5.0,5,,5.0,5,184,56000,0,0,0,0,0,0,0,0,0,0,28000,84000,165000,5,5.0,5,,5.0,5,82500.0,6,7.0,6,,7.0,5,197,2023,1,1,43,N,30,128,2,,1,1,,1,1,1,1,,1,1,1,1,2,2,2,1,1,2,0,1,2,2,2,0,2,0,1,,1,,1,2,1,1,2,2,2,2,2,1,2,2,2,2,2,2,2,2,2,2,2,2,2,2,0,2,165000,5,5.0,5,,5.0,5,82500.0,6,7.0,6,,7.0,5,197,1,0,98,0,0,0
24,24,TQRMNOQYXHLNKNCDEIGED00717931,2023,1,1,1,1,43,N,30,101,1,2,1980-01-24 00:00:00,43,5,1.0,1,2,0,4,1,,3,62.0,1,,4,1,3,0,,0,0,0,0,0,0,0,0,0,0,0,1.0,0.0,33.0,0.0,2.0,0.0,2.0,2.0,2.0,1.0,8401.0,2.0,0.0,0.0,0.0,0.0,8.0,0.0,10333.0,1.0,0.0,0.0,0.0,0.0,0.0,0.0,0.0,0.0,0.0,0.0,0.0,0.0,0.0,0.0,5.0,2.0,0.0,0.0,2.0,2.0,2.0,2.0,5.0,1.0,1.0,1.0,1.0,0.0,1.0,0.0,1.0,1.0,100000.0,0.0,0.0,0.0,50000.0,45000.0,0.0,0.0,,0.0,0.0,,,,,,,,,,,,,,,,,,,,,,,,,,,,100000,6,6.0,6,,6.0,5,101,0,195000.0,9,9.0,9,,9.0,8,114,0,0,0,0,0,0,0,0,0,0,0,0,0,195000,6,6.0,6,,6.0,6,195000.0,9,10.0,10,,10.0,9,114,2023,1,1,43,N,30,101,1,,3,1,,4,1,1,1,,1,1,1,1,2,2,2,3,1,2,0,1,2,1,2,0,2,0,4,,1,,1,1,2,2,2,2,2,2,2,2,2,2,2,2,2,2,2,1,1,2,2,2,2,1,0,1,195000,6,6.0,6,,6.0,6,195000.0,9,10.0,10,,10.0,9,114,1,0,98,0,0,0
25,25,TQRMNORWRHKOKPCDEGLDF00777944,2023,1,1,1,1,41,N,15,202,1,2,1984-08-16 00:00:00,38,1,1.0,1,2,0,4,1,,1,,1,,4,1,3,0,,0,0,0,0,0,0,0,0,0,0,0,1.0,0.0,36.0,0.0,2.0,0.0,2.0,2.0,2.0,1.0,8401.0,2.0,0.0,0.0,0.0,0.0,99.0,9.0,10333.0,1.0,0.0,0.0,0.0,0.0,0.0,0.0,0.0,0.0,0.0,0.0,0.0,0.0,0.0,0.0,6.0,2.0,0.0,0.0,2.0,2.0,2.0,2.0,5.0,1.0,1.0,1.0,1.0,0.0,1.0,0.0,1.0,1.0,180000.0,0.0,0.0,0.0,0.0,0.0,0.0,0.0,,1.0,0.0,,,,,,,,,,,,,,,,,,,,,,,,,,,,180000,9,9.0,10,,9.0,10,202,0,180000.0,8,9.0,9,,9.0,10,210,0,0,0,0,0,0,0,0,0,0,0,0,0,0,12,12.0,12,,12.0,12,0.0,12,12.0,12,,12.0,12,0,2023,1,1,41,N,15,202,1,,1,1,,2,1,1,1,,1,1,1,1,2,2,2,1,1,2,0,1,2,2,2,0,2,0,6,,2,,1,1,2,2,2,2,2,2,2,2,2,2,2,2,2,1,2,2,1,2,2,2,2,4,1,3,0,12,12.0,12,,12.0,12,0.0,12,12.0,12,,12.0,12,0,1,0,97,0,0,0
26,26,TQRMNORWRHKOKPCDEGLDF00777944,2023,1,1,2,1,41,N,15,202,2,1,1983-08-06 00:00:00,39,1,1.0,1,2,0,4,2,3.0,1,,1,,3,1,1,0,,0,0,0,0,0,0,0,0,0,0,0,1.0,0.0,48.0,0.0,2.0,0.0,2.0,2.0,3.0,2.0,4504.0,2.0,0.0,0.0,0.0,0.0,4.0,0.0,5002.0,1.0,0.0,0.0,0.0,1.0,1.0,3.0,0.0,7.0,5.0,2.0,-9.0,0.0,0.0,0.0,0.0,0.0,0.0,0.0,0.0,0.0,0.0,0.0,0.0,0.0,0.0,0.0,0.0,0.0,0.0,0.0,0.0,0.0,0.0,0.0,0.0,0.0,0.0,0.0,0.0,0.0,,1.0,0.0,,,,,,,,,,,,,,,,,,,,,,,,,,,,-9,12,12.0,12,,12.0,12,0,0,-9.0,12,12.0,12,,12.0,12,0,0,0,0,0,0,0,0,0,0,0,0,0,0,0,12,12.0,12,,12.0,12,0.0,12,12.0,12,,12.0,12,0,2023,1,1,41,N,15,202,1,,1,1,,2,1,1,1,,1,1,1,1,2,2,2,1,1,2,0,1,2,2,2,0,2,0,6,,2,,1,1,2,2,2,2,2,2,2,2,2,2,2,2,2,1,2,2,1,2,2,2,2,4,1,3,0,12,12.0,12,,12.0,12,0.0,12,12.0,12,,12.0,12,0,1,0,97,0,0,0
27,27,TQRMNORWRHKOKPCDEGLDF00777944,2023,1,1,3,1,41,N,15,202,3,1,2007-07-30 00:00:00,15,5,1.0,1,1,1,4,2,3.0,1,,1,,3,3,0,3,,0,0,0,0,0,0,0,0,0,2,2,,,,,,,,,,,,,,,,,,,,,,,,,,,,,,,,,,,,,,,,,,,,,,,,,,,,,,,,,,,,,,,,,,,,,,,,,,,,,,,,,,,,,,,,,,,0,0,0.0,0,,0.0,0,202,0,0.0,0,0.0,0,,0.0,0,202,0,0,0,0,0,0,0,0,0,0,0,0,0,0,12,12.0,12,,12.0,12,0.0,12,12.0,12,,12.0,12,0,2023,1,1,41,N,15,202,1,,1,1,,2,1,1,1,,1,1,1,1,2,2,2,1,1,2,0,1,2,2,2,0,2,0,6,,2,,1,1,2,2,2,2,2,2,2,2,2,2,2,2,2,1,2,2,1,2,2,2,2,4,1,3,0,12,12.0,12,,12.0,12,0.0,12,12.0,12,,12.0,12,0,1,0,97,0,0,0
28,28,TQRMNORWRHKOKPCDEGLDF00777944,2023,1,1,4,0,41,N,15,202,3,1,2017-07-03 00:00:00,5,5,1.0,2,1,1,2,2,0.0,1,,1,,1,4,0,5,,0,0,0,0,0,0,0,0,0,0,0,,,,,,,,,,,,,,,,,,,,,,,,,,,,,,,,,,,,,,,,,,,,,,,,,,,,,,,,,,,,,,,,,,,,,,,,,,,,,,,,,,,,,,,,,,,0,0,0.0,0,,0.0,0,202,0,0.0,0,0.0,0,,0.0,0,202,0,0,0,0,0,0,0,0,0,0,0,0,0,0,12,12.0,12,,12.0,12,0.0,12,12.0,12,,12.0,12,0,2023,1,1,41,N,15,202,1,,1,1,,2,1,1,1,,1,1,1,1,2,2,2,1,1,2,0,1,2,2,2,0,2,0,6,,2,,1,1,2,2,2,2,2,2,2,2,2,2,2,2,2,1,2,2,1,2,2,2,2,4,1,3,0,12,12.0,12,,12.0,12,0.0,12,12.0,12,,12.0,12,0,1,0,97,0,0,0
29,29,TQRMNOPRUHJMKSCDEGLDF00795651,2023,1,2,1,1,41,N,15,125,1,2,1999-12-05 00:00:00,23,5,4.0,1,2,0,4,1,,1,,1,,4,1,3,0,,0,0,0,0,0,0,0,0,0,0,0,1.0,0.0,30.0,0.0,2.0,0.0,2.0,2.0,2.0,2.0,9700.0,1.0,1.0,0.0,1.0,0.0,0.0,0.0,57314.0,0.0,0.0,0.0,0.0,0.0,0.0,0.0,0.0,0.0,0.0,0.0,0.0,0.0,0.0,0.0,0.0,0.0,0.0,0.0,1.0,2.0,2.0,2.0,0.0,2.0,2.0,2.0,2.0,5.0,2.0,2.0,1.0,4.0,-9.0,0.0,0.0,0.0,0.0,0.0,0.0,0.0,,1.0,0.0,,,,,,,,,,,,,,,,,,,,,,,,,,,,-9,12,12.0,12,,12.0,12,0,0,-9.0,12,12.0,12,,12.0,12,0,0,0,0,0,0,0,0,0,0,0,0,0,0,0,12,12.0,12,,12.0,12,0.0,12,12.0,12,,12.0,12,0,2023,1,1,41,N,15,125,1,,3,1,,4,1,1,1,,1,1,1,1,2,2,2,2,2,2,0,1,1,2,2,0,2,0,6,,2,,1,1,2,2,2,2,2,2,2,1,2,2,2,2,2,2,1,2,1,2,2,2,2,2,0,2,0,12,12.0,12,,12.0,12,0.0,12,12.0,12,,12.0,12,0,1,0,2,0,0,0
30,30,TQRMNOPRUHJMKSCDEGLDF00795651,2023,1,2,2,1,41,N,15,125,9,2,1996-04-18 00:00:00,26,5,4.0,1,2,0,4,1,,1,,1,,4,1,3,0,,0,0,0,0,0,0,0,0,0,0,0,1.0,0.0,50.0,0.0,2.0,0.0,2.0,2.0,3.0,2.0,4807.0,2.0,0.0,0.0,0.0,0.0,6.0,0.0,32314.0,1.0,0.0,0.0,0.0,0.0,0.0,0.0,0.0,0.0,0.0,0.0,0.0,0.0,0.0,0.0,5.0,2.0,0.0,0.0,2.0,2.0,2.0,2.0,5.0,2.0,1.0,2.0,2.0,0.0,2.0,2.0,1.0,2.0,80000.0,0.0,0.0,0.0,40000.0,0.0,0.0,0.0,,1.0,0.0,,,,,,,,,,,,,,,,,,,,,,,,,,,,80000,5,5.0,6,,5.0,6,132,0,120000.0,7,7.0,8,,7.0,9,134,0,0,0,0,0,0,0,0,0,0,0,0,0,0,12,12.0,12,,12.0,12,0.0,12,12.0,12,,12.0,12,0,2023,1,1,41,N,15,125,1,,3,1,,4,1,1,1,,1,1,1,1,2,2,2,2,2,2,0,1,1,2,2,0,2,0,6,,2,,1,1,2,2,2,2,2,2,2,1,2,2,2,2,2,2,1,2,1,2,2,2,2,2,0,2,0,12,12.0,12,,12.0,12,0.0,12,12.0,12,,12.0,12,0,1,0,2,0,0,0
31,31,TQRMNOPRVHJMKSCDEGLDF00800090,2023,1,1,1,1,41,N,15,159,1,1,1966-10-25 00:00:00,56,1,4.0,1,2,0,7,2,99.0,1,,1,,5,1,3,0,,0,0,0,0,0,0,0,0,0,0,0,1.0,0.0,40.0,0.0,2.0,0.0,2.0,2.0,2.0,2.0,4000.0,2.0,0.0,0.0,0.0,0.0,99.0,1.0,72313.0,8.0,0.0,0.0,0.0,0.0,0.0,0.0,0.0,0.0,0.0,0.0,0.0,0.0,0.0,0.0,4.0,1.0,4.0,4.0,2.0,2.0,2.0,2.0,5.0,2.0,2.0,2.0,2.0,5.0,2.0,2.0,1.0,2.0,90000.0,0.0,0.0,0.0,0.0,0.0,0.0,0.0,,1.0,0.0,,,,,,,,,,,,,,,,,,,,,,,,,,,,90000,5,6.0,7,,6.0,7,163,0,142500.0,8,8.0,9,,8.0,9,167,35000,0,0,0,0,0,0,0,0,0,0,17500,52500,142500,4,5.0,6,,5.0,6,28500.0,2,2.0,2,,2.0,2,148,2023,1,1,41,N,15,159,1,,4,1,,4,1,1,1,,1,1,1,1,2,2,2,4,4,2,0,1,1,2,2,0,2,0,1,,2,,1,1,1,1,2,2,2,2,2,2,2,2,2,2,2,2,2,1,1,2,2,2,2,5,0,5,142500,4,5.0,6,,5.0,6,28500.0,2,2.0,2,,2.0,2,148,2,0,4,0,0,0
32,32,TQRMNOPRVHJMKSCDEGLDF00800090,2023,1,1,2,1,41,N,15,159,2,2,1969-03-03 00:00:00,53,1,4.0,1,2,0,2,1,,1,,1,,2,3,0,4,,0,0,0,0,0,0,0,0,0,2,2,,,,,,,,,,,,,,,,,,,,,,,,,,,,,,,,,,,,,,,,,,,,,,,,,,,,,,,,,,,,,,,,,,,,,,,,,,,,,,,,,,,,,,,,,,,0,0,0.0,0,,0.0,0,159,0,0.0,0,0.0,0,,0.0,0,159,0,0,0,0,0,0,0,0,0,0,0,0,0,142500,4,5.0,6,,5.0,6,28500.0,2,2.0,2,,2.0,2,148,2023,1,1,41,N,15,159,1,,4,1,,4,1,1,1,,1,1,1,1,2,2,2,4,4,2,0,1,1,2,2,0,2,0,1,,2,,1,1,1,1,2,2,2,2,2,2,2,2,2,2,2,2,2,1,1,2,2,2,2,5,0,5,142500,4,5.0,6,,5.0,6,28500.0,2,2.0,2,,2.0,2,148,2,0,4,0,0,0
33,33,TQRMNOPRVHJMKSCDEGLDF00800090,2023,1,1,3,1,41,N,15,159,3,1,1995-09-27 00:00:00,27,5,4.0,1,2,0,2,1,,1,,1,,2,3,0,7,,0,0,0,0,0,0,0,0,0,1,2,,,,,,,,,,,,,,,,,,,,,,,,,,,,,,,,,,,,,,,,,,,,,,,,,,,,,,,,,,,,,,,,,,,,,,,,,,,,,,,,,,,,,,,,,,,0,0,0.0,0,,0.0,0,159,0,0.0,0,0.0,0,,0.0,0,159,0,0,0,0,0,0,0,0,0,0,0,0,0,142500,4,5.0,6,,5.0,6,28500.0,2,2.0,2,,2.0,2,148,2023,1,1,41,N,15,159,1,,4,1,,4,1,1,1,,1,1,1,1,2,2,2,4,4,2,0,1,1,2,2,0,2,0,1,,2,,1,1,1,1,2,2,2,2,2,2,2,2,2,2,2,2,2,1,1,2,2,2,2,5,0,5,142500,4,5.0,6,,5.0,6,28500.0,2,2.0,2,,2.0,2,148,2,0,4,0,0,0
34,34,TQRMNOPRVHJMKSCDEGLDF00800090,2023,1,1,4,1,41,N,15,159,3,2,1997-01-24 00:00:00,25,5,4.0,1,2,0,4,1,,1,,1,,4,2,3,0,,2,1,2,2,1,2,2,2,0,0,0,,,,,,,,,,,,,,,,,,,,,,,,,,,,,,,,,,,,,,,,,,,,,,,,,,,,,,,,,,,,,,,,,5.0,2.0,1.0,5.0,2.0,9602.0,2.0,0.0,0.0,0.0,99.0,1.0,57314.0,0.0,3.0,0.0,0.0,3.0,2.0,2.0,1.0,2.0,1.0,2.0,2.0,2.0,0,0,0.0,0,,0.0,0,159,0,0.0,0,0.0,0,,0.0,0,159,0,0,0,0,0,0,0,0,0,0,0,0,0,142500,4,5.0,6,,5.0,6,28500.0,2,2.0,2,,2.0,2,148,2023,1,1,41,N,15,159,1,,4,1,,4,1,1,1,,1,1,1,1,2,2,2,4,4,2,0,1,1,2,2,0,2,0,1,,2,,1,1,1,1,2,2,2,2,2,2,2,2,2,2,2,2,2,1,1,2,2,2,2,5,0,5,142500,4,5.0,6,,5.0,6,28500.0,2,2.0,2,,2.0,2,148,2,0,4,0,0,0
35,35,TQRMNOPRVHJMKSCDEGLDF00800090,2023,1,1,5,1,41,N,15,159,5,1,2005-11-12 00:00:00,17,5,4.0,1,1,1,4,2,5.0,1,,1,,3,3,0,3,,0,0,0,0,0,0,0,0,0,2,2,,,,,,,,,,,,,,,,,,,,,,,,,,,,,,,,,,,,,,,,,,,,,,,,,,,,,,,,,,,,,,,,,,,,,,,,,,,,,,,,,,,,,,,,,,,0,0,0.0,0,,0.0,0,159,0,0.0,0,0.0,0,,0.0,0,159,0,0,0,0,0,0,0,0,0,0,0,0,0,142500,4,5.0,6,,5.0,6,28500.0,2,2.0,2,,2.0,2,148,2023,1,1,41,N,15,159,1,,4,1,,4,1,1,1,,1,1,1,1,2,2,2,4,4,2,0,1,1,2,2,0,2,0,1,,2,,1,1,1,1,2,2,2,2,2,2,2,2,2,2,2,2,2,1,1,2,2,2,2,5,0,5,142500,4,5.0,6,,5.0,6,28500.0,2,2.0,2,,2.0,2,148,2,0,4,0,0,0
36,36,TQRMNOPSWHMMKUCDEGLDF00800091,2023,1,1,1,1,41,N,15,146,1,1,1966-08-07 00:00:00,56,5,1.0,1,2,0,7,1,,1,,1,,6,1,3,0,,0,0,0,0,0,0,0,0,0,0,0,1.0,0.0,12.0,0.0,2.0,0.0,2.0,2.0,2.0,2.0,9301.0,2.0,0.0,0.0,0.0,0.0,99.0,9.0,51312.0,1.0,0.0,0.0,0.0,0.0,0.0,0.0,0.0,0.0,0.0,0.0,0.0,0.0,0.0,0.0,4.0,1.0,9.0,4.0,2.0,2.0,2.0,2.0,5.0,2.0,2.0,2.0,2.0,5.0,2.0,2.0,1.0,4.0,57000.0,0.0,0.0,0.0,0.0,0.0,0.0,0.0,,1.0,0.0,,,,,,,,,,,,,,,,,,,,,,,,,,,,57000,3,3.0,4,,4.0,4,150,0,57000.0,3,3.0,4,,3.0,4,154,0,0,0,0,0,0,0,0,0,0,0,0,0,57000,1,1.0,1,,1.0,1,57000.0,4,4.0,6,,5.0,7,158,2023,1,1,41,N,15,146,1,,4,1,,4,1,1,1,,1,1,1,1,2,2,2,4,1,2,0,1,1,1,2,0,2,0,1,,2,,1,1,2,2,2,2,2,2,2,2,2,2,2,2,2,1,2,2,1,2,2,2,2,1,0,1,57000,1,1.0,1,,1.0,1,57000.0,4,4.0,6,,5.0,7,158,1,0,98,0,0,0
37,37,TQRMNOPUSHJOLTCDEFIAH00798335,2023,1,1,1,1,43,S,2,517,1,2,1943-11-05 00:00:00,79,2,1.0,1,2,0,4,1,,1,,1,,4,3,0,1,,0,0,0,0,0,0,0,0,0,2,2,,,,,,,,,,,,,,,,,,,,,,,,,,,,,,,,,,,,,,,,,,,,,,,,,,,,,,,,,,,,,,,,,,,,,,,,,,,,,,,,,,,,,,,,,,,0,0,0.0,0,0.0,,0,517,0,57000.0,3,3.0,3,3.0,,3,599,57000,0,0,0,0,0,0,0,0,0,0,0,57000,114000,3,3.0,3,3.0,,3,57000.0,4,4.0,4,4.0,,4,544,2023,1,1,43,S,2,517,1,,1,1,,4,1,1,1,,1,1,1,1,2,2,2,1,1,2,0,1,2,1,2,0,2,0,6,,1,,1,2,1,2,2,2,2,2,2,2,2,2,2,2,2,2,2,2,2,2,2,2,2,2,0,2,114000,3,3.0,3,3.0,,3,57000.0,4,4.0,4,4.0,,4,544,1,0,98,0,0,0
38,38,TQRMNOPUSHJOLTCDEFIAH00798335,2023,1,1,2,1,43,S,2,517,2,1,1944-04-11 00:00:00,78,2,1.0,1,2,0,2,1,,1,,1,,2,3,0,1,,0,0,0,0,0,0,0,0,0,2,2,,,,,,,,,,,,,,,,,,,,,,,,,,,,,,,,,,,,,,,,,,,,,,,,,,,,,,,,,,,,,,,,,,,,,,,,,,,,,,,,,,,,,,,,,,,0,0,0.0,0,0.0,,0,517,0,57000.0,3,3.0,3,3.0,,3,751,57000,0,0,0,0,0,0,0,0,0,0,0,57000,114000,3,3.0,3,3.0,,3,57000.0,4,4.0,4,4.0,,4,544,2023,1,1,43,S,2,517,1,,1,1,,4,1,1,1,,1,1,1,1,2,2,2,1,1,2,0,1,2,1,2,0,2,0,6,,1,,1,2,1,2,2,2,2,2,2,2,2,2,2,2,2,2,2,2,2,2,2,2,2,2,0,2,114000,3,3.0,3,3.0,,3,57000.0,4,4.0,4,4.0,,4,544,1,0,98,0,0,0
39,39,TQRMNOSXXHKMKPCDEGPDJ00778336,2023,1,1,1,1,40,N,19,205,1,2,1955-07-14 00:00:00,67,5,1.0,1,2,0,4,2,2.0,1,,1,,3,3,0,1,,0,0,0,0,0,0,0,0,0,2,2,,,,,,,,,,,,,,,,,,,,,,,,,,,,,,,,,,,,,,,,,,,,,,,,,,,,,,,,,,,,,,,,,,,,,,,,,,,,,,,,,,,,,,,,,,,0,0,0.0,0,,0.0,0,205,0,60000.0,4,4.0,4,,4.0,4,205,60000,0,0,0,0,0,0,0,0,0,0,0,60000,118000,3,3.0,4,,4.0,4,59000.0,5,5.0,6,,5.0,6,204,2023,1,1,40,N,19,205,1,,3,2,,4,2,1,1,,1,1,1,1,2,2,2,3,2,2,0,1,1,2,2,0,2,0,1,,1,,1,2,1,2,2,2,2,2,2,2,2,2,2,2,2,1,2,2,2,1,2,2,2,2,0,2,118000,3,3.0,4,,4.0,4,59000.0,5,5.0,6,,5.0,6,204,1,0,98,0,0,0
40,40,TQRMNOSXXHKMKPCDEGPDJ00778336,2023,1,1,2,1,40,N,19,205,8,1,1952-09-28 00:00:00,70,5,1.0,1,2,0,4,2,3.0,1,,1,,3,3,0,1,,0,0,0,0,0,0,0,0,0,2,2,,,,,,,,,,,,,,,,,,,,,,,,,,,,,,,,,,,,,,,,,,,,,,,,,,,,,,,,,,,,,,,,,,,,,,,,,,,,,,,,,,,,,,,,,,,0,0,0.0,0,,0.0,0,205,0,58000.0,3,3.0,4,,3.0,4,204,58000,0,0,0,0,0,0,0,0,0,0,0,58000,118000,3,3.0,4,,4.0,4,59000.0,5,5.0,6,,5.0,6,204,2023,1,1,40,N,19,205,1,,3,2,,4,2,1,1,,1,1,1,1,2,2,2,3,2,2,0,1,1,2,2,0,2,0,1,,1,,1,2,1,2,2,2,2,2,2,2,2,2,2,2,2,1,2,2,2,1,2,2,2,2,0,2,118000,3,3.0,4,,4.0,4,59000.0,5,5.0,6,,5.0,6,204,1,0,98,0,0,0
41,41,TQRMNOPXPHLMKPCDEOJAH00720377,2023,1,1,4,1,44,N,93,100,3,1,1900-01-01 00:00:00,11,5,1.0,1,1,2,2,2,5.0,1,,1,,1,3,0,3,,0,0,0,0,0,0,0,0,0,2,2,,,,,,,,,,,,,,,,,,,,,,,,,,,,,,,,,,,,,,,,,,,,,,,,,,,,,,,,,,,,,,,,,,,,,,,,,,,,,,,,,,,,,,,,,,,0,0,0.0,0,,0.0,0,100,0,0.0,0,0.0,0,,0.0,0,100,0,0,0,0,0,0,0,0,0,0,0,0,0,110000,3,3.0,2,,3.0,3,22000.0,1,1.0,1,,1.0,1,151,2023,1,1,44,N,93,100,1,,3,1,,4,1,1,1,,1,1,1,1,2,2,2,3,3,2,0,1,1,2,2,0,2,0,1,,1,,1,1,2,2,2,2,2,2,2,2,2,2,2,2,2,1,2,2,1,2,2,2,2,5,1,4,110000,3,3.0,2,,3.0,3,22000.0,1,1.0,1,,1.0,1,151,2,0,1,0,0,0
42,42,TQRMNOPXPHLMKPCDEOJAH00720377,2023,1,1,5,0,44,N,93,100,3,1,1900-01-01 00:00:00,4,5,1.0,2,1,1,1,2,0.0,1,,6,,7,4,0,5,,0,0,0,0,0,0,0,0,0,0,0,,,,,,,,,,,,,,,,,,,,,,,,,,,,,,,,,,,,,,,,,,,,,,,,,,,,,,,,,,,,,,,,,,,,,,,,,,,,,,,,,,,,,,,,,,,0,0,0.0,0,,0.0,0,100,0,0.0,0,0.0,0,,0.0,0,100,0,0,0,0,0,0,0,0,0,0,0,0,0,110000,3,3.0,2,,3.0,3,22000.0,1,1.0,1,,1.0,1,151,2023,1,1,44,N,93,100,1,,3,1,,4,1,1,1,,1,1,1,1,2,2,2,3,3,2,0,1,1,2,2,0,2,0,1,,1,,1,1,2,2,2,2,2,2,2,2,2,2,2,2,2,1,2,2,1,2,2,2,2,5,1,4,110000,3,3.0,2,,3.0,3,22000.0,1,1.0,1,,1.0,1,151,2,0,1,0,0,0
43,43,TQRMNOPXPHLMKPCDEOJAH00720377,2023,1,1,1,1,44,N,93,100,1,1,1970-05-02 00:00:00,52,2,1.0,1,2,0,7,2,3.0,2,,1,,5,1,2,0,,0,0,0,0,0,0,0,0,0,0,0,1.0,0.0,40.0,0.0,2.0,0.0,2.0,1.0,2.0,2.0,8102.0,2.0,0.0,0.0,0.0,0.0,2.0,0.0,58113.0,8.0,0.0,0.0,0.0,1.0,3.0,1.0,2.0,7.0,6.0,1.0,0.0,30000.0,3.0,1.0,0.0,0.0,0.0,0.0,0.0,0.0,0.0,0.0,0.0,0.0,0.0,0.0,0.0,0.0,0.0,0.0,0.0,0.0,0.0,0.0,0.0,0.0,0.0,0.0,0.0,0.0,,1.0,0.0,,,,,,,,,,,,,,,,,,,,,,,,,,,,30000,2,2.0,1,,2.0,1,130,0,30000.0,1,1.0,1,,2.0,1,131,0,0,0,0,0,0,0,0,0,0,0,0,0,110000,3,3.0,2,,3.0,3,22000.0,1,1.0,1,,1.0,1,151,2023,1,1,44,N,93,100,1,,3,1,,4,1,1,1,,1,1,1,1,2,2,2,3,3,2,0,1,1,2,2,0,2,0,1,,1,,1,1,2,2,2,2,2,2,2,2,2,2,2,2,2,1,2,2,1,2,2,2,2,5,1,4,110000,3,3.0,2,,3.0,3,22000.0,1,1.0,1,,1.0,1,151,2,0,1,0,0,0
44,44,TQRMNOPXPHLMKPCDEOJAH00720377,2023,1,1,2,1,44,N,93,100,2,2,1977-09-16 00:00:00,45,2,1.0,1,2,0,7,1,,2,,1,,6,1,1,0,,0,0,0,0,0,0,0,0,0,0,0,2.0,2.0,20.0,10.0,2.0,0.0,2.0,1.0,2.0,2.0,8600.0,2.0,0.0,0.0,0.0,0.0,6.0,0.0,6001.0,1.0,0.0,0.0,0.0,1.0,2.0,3.0,0.0,7.0,6.0,1.0,0.0,50000.0,3.0,2.0,0.0,0.0,0.0,0.0,0.0,0.0,0.0,0.0,0.0,0.0,0.0,0.0,0.0,0.0,0.0,0.0,0.0,0.0,0.0,0.0,0.0,0.0,0.0,0.0,0.0,0.0,,1.0,0.0,,,,,,,,,,,,,,,,,,,,,,,,,,,,50000,3,3.0,2,,3.0,2,159,30000,80000.0,5,5.0,3,,5.0,4,161,0,0,0,0,0,0,0,0,0,0,0,0,0,110000,3,3.0,2,,3.0,3,22000.0,1,1.0,1,,1.0,1,151,2023,1,1,44,N,93,100,1,,3,1,,4,1,1,1,,1,1,1,1,2,2,2,3,3,2,0,1,1,2,2,0,2,0,1,,1,,1,1,2,2,2,2,2,2,2,2,2,2,2,2,2,1,2,2,1,2,2,2,2,5,1,4,110000,3,3.0,2,,3.0,3,22000.0,1,1.0,1,,1.0,1,151,2,0,1,0,0,0
45,45,TQRMNOPXPHLMKPCDEOJAH00720377,2023,1,1,3,1,44,N,93,100,3,1,1900-01-01 00:00:00,13,5,1.0,1,1,2,4,2,2.0,1,,1,,3,3,0,3,,0,0,0,0,0,0,0,0,0,2,2,,,,,,,,,,,,,,,,,,,,,,,,,,,,,,,,,,,,,,,,,,,,,,,,,,,,,,,,,,,,,,,,,,,,,,,,,,,,,,,,,,,,,,,,,,,0,0,0.0,0,,0.0,0,100,0,0.0,0,0.0,0,,0.0,0,100,0,0,0,0,0,0,0,0,0,0,0,0,0,110000,3,3.0,2,,3.0,3,22000.0,1,1.0,1,,1.0,1,151,2023,1,1,44,N,93,100,1,,3,1,,4,1,1,1,,1,1,1,1,2,2,2,3,3,2,0,1,1,2,2,0,2,0,1,,1,,1,1,2,2,2,2,2,2,2,2,2,2,2,2,2,1,2,2,1,2,2,2,2,5,1,4,110000,3,3.0,2,,3.0,3,22000.0,1,1.0,1,,1.0,1,151,2,0,1,0,0,0
46,46,TQRMNOQUQHLOKPCDEOJAH00720380,2023,1,1,1,1,44,N,93,82,1,2,1959-02-12 00:00:00,64,4,1.0,1,2,0,2,1,,3,62.0,1,,2,3,0,1,,0,0,0,0,0,0,0,0,0,2,2,,,,,,,,,,,,,,,,,,,,,,,,,,,,,,,,,,,,,,,,,,,,,,,,,,,,,,,,,,,,,,,,,,,,,,,,,,,,,,,,,,,,,,,,,,,0,0,0.0,0,,0.0,0,82,0,67000.0,4,4.0,2,,4.0,3,85,67000,0,0,0,0,0,0,0,0,0,0,0,67000,273000,8,8.0,7,,8.0,9,91000.0,7,7.0,6,,7.0,7,98,2023,1,1,44,N,93,82,1,,4,1,,4,1,1,1,,1,1,1,1,2,2,2,4,3,2,0,1,2,2,2,0,2,0,6,,1,,1,1,1,2,2,2,2,1,2,2,2,2,2,2,2,2,2,2,2,2,2,2,2,3,0,3,273000,8,8.0,7,,8.0,9,91000.0,7,7.0,6,,7.0,7,98,1,0,98,0,0,0
47,47,TQRMNOQUQHLOKPCDEOJAH00720380,2023,1,1,2,1,44,N,93,82,3,1,1981-02-26 00:00:00,42,5,1.0,1,2,0,4,1,,3,62.0,1,,4,1,3,0,,0,0,0,0,0,0,0,0,0,0,0,1.0,0.0,40.0,0.0,2.0,0.0,2.0,2.0,2.0,1.0,8401.0,2.0,0.0,0.0,0.0,0.0,8.0,0.0,48313.0,1.0,0.0,0.0,0.0,0.0,0.0,0.0,0.0,0.0,0.0,0.0,0.0,0.0,0.0,0.0,6.0,2.0,0.0,0.0,2.0,2.0,2.0,2.0,5.0,1.0,1.0,1.0,1.0,0.0,1.0,0.0,3.0,1.0,186000.0,0.0,0.0,0.0,0.0,0.0,0.0,0.0,,2.0,2.0,RIO NEGRO - VIEDMA,,,,,,,,,,,,,,,,,,,,,,,,,,,186000,9,9.0,8,,9.0,10,118,0,186000.0,9,9.0,7,,9.0,9,125,0,0,0,0,0,0,0,0,0,0,0,0,0,273000,8,8.0,7,,8.0,9,91000.0,7,7.0,6,,7.0,7,98,2023,1,1,44,N,93,82,1,,4,1,,4,1,1,1,,1,1,1,1,2,2,2,4,3,2,0,1,2,2,2,0,2,0,6,,1,,1,1,1,2,2,2,2,1,2,2,2,2,2,2,2,2,2,2,2,2,2,2,2,3,0,3,273000,8,8.0,7,,8.0,9,91000.0,7,7.0,6,,7.0,7,98,1,0,98,0,0,0
48,48,TQRMNOQUQHLOKPCDEOJAH00720380,2023,1,1,3,1,44,N,93,82,10,2,1974-01-28 00:00:00,49,5,4.0,1,2,0,4,1,,1,,1,,4,3,0,7,,0,0,0,0,0,0,0,0,0,2,2,,,,,,,,,,,,,,,,,,,,,,,,,,,,,,,,,,,,,,,,,,,,,,,,,,,,,,,,,,,,,,,,,,,,,,,,,,,,,,,,,,,,,,,,,,,0,0,0.0,0,,0.0,0,82,0,20000.0,1,1.0,1,,1.0,1,93,0,0,0,20000,0,0,0,0,0,0,0,0,20000,273000,8,8.0,7,,8.0,9,91000.0,7,7.0,6,,7.0,7,98,2023,1,1,44,N,93,82,1,,4,1,,4,1,1,1,,1,1,1,1,2,2,2,4,3,2,0,1,2,2,2,0,2,0,6,,1,,1,1,1,2,2,2,2,1,2,2,2,2,2,2,2,2,2,2,2,2,2,2,2,3,0,3,273000,8,8.0,7,,8.0,9,91000.0,7,7.0,6,,7.0,7,98,1,0,98,0,0,0
49,49,TQRMNOPTTHKKKQCDEHGHJ00778431,2023,1,1,1,1,44,N,20,139,1,1,1958-02-13 00:00:00,64,2,1.0,1,2,0,4,1,,3,6.0,1,,4,3,0,1,,0,0,0,0,0,0,0,0,0,2,2,,,,,,,,,,,,,,,,,,,,,,,,,,,,,,,,,,,,,,,,,,,,,,,,,,,,,,,,,,,,,,,,,,,,,,,,,,,,,,,,,,,,,,,,,,,0,0,0.0,0,,0.0,0,139,0,-9.0,12,12.0,12,,12.0,12,0,-9,0,0,0,0,0,0,0,0,0,0,0,-9,0,12,12.0,12,,12.0,12,0.0,12,12.0,12,,12.0,12,0,2023,1,1,44,N,20,139,1,,3,1,,4,1,1,1,,1,1,1,1,2,2,2,3,1,2,0,1,1,2,2,0,2,0,1,,1,,1,1,1,2,2,2,2,2,2,2,2,2,2,2,2,2,2,2,2,2,2,2,2,2,0,2,0,12,12.0,12,,12.0,12,0.0,12,12.0,12,,12.0,12,0,2,0,98,0,0,0
50,50,TQRMNOPTTHKKKQCDEHGHJ00778431,2023,1,1,2,1,44,N,20,139,2,2,1960-12-21 00:00:00,62,2,1.0,1,2,0,6,2,4.0,1,,1,,5,3,0,4,,0,0,0,0,0,0,0,0,0,2,2,,,,,,,,,,,,,,,,,,,,,,,,,,,,,,,,,,,,,,,,,,,,,,,,,,,,,,,,,,,,,,,,,,,,,,,,,,,,,,,,,,,,,,,,,,,0,0,0.0,0,,0.0,0,139,0,0.0,0,0.0,0,,0.0,0,139,0,0,0,0,0,0,0,0,0,0,0,0,0,0,12,12.0,12,,12.0,12,0.0,12,12.0,12,,12.0,12,0,2023,1,1,44,N,20,139,1,,3,1,,4,1,1,1,,1,1,1,1,2,2,2,3,1,2,0,1,1,2,2,0,2,0,1,,1,,1,1,1,2,2,2,2,2,2,2,2,2,2,2,2,2,2,2,2,2,2,2,2,2,0,2,0,12,12.0,12,,12.0,12,0.0,12,12.0,12,,12.0,12,0,2,0,98,0,0,0
51,51,TQRMNOPSWHJMKNCDEHGHJ00796976,2023,1,1,1,1,44,N,20,208,1,2,1983-09-30 00:00:00,39,2,1.0,1,2,0,4,2,2.0,3,66.0,1,,3,3,0,4,,0,0,0,0,0,0,0,0,0,2,2,,,,,,,,,,,,,,,,,,,,,,,,,,,,,,,,,,,,,,,,,,,,,,,,,,,,,,,,,,,,,,,,,,,,,,,,,,,,,,,,,,,,,,,,,,,0,0,0.0,0,,0.0,0,208,0,0.0,0,0.0,0,,0.0,0,208,0,0,0,0,0,0,0,0,0,0,0,0,0,0,12,12.0,12,,12.0,12,0.0,12,12.0,12,,12.0,12,0,2023,1,1,44,N,20,208,1,,4,1,,4,1,1,1,,1,1,1,1,2,2,2,4,3,2,0,1,1,1,2,0,2,0,3,,1,,1,1,2,2,2,2,2,1,2,2,2,2,2,1,2,2,2,2,2,2,2,2,2,8,2,6,0,12,12.0,12,,12.0,12,0.0,12,12.0,12,,12.0,12,0,1,0,98,0,0,0
52,52,TQRMNOPSWHJMKNCDEHGHJ00796976,2023,1,1,2,1,44,N,20,208,2,1,1986-07-28 00:00:00,36,2,1.0,1,2,0,4,2,1.0,3,66.0,1,,3,1,3,0,,0,0,0,0,0,0,0,0,0,0,0,1.0,0.0,40.0,0.0,2.0,0.0,2.0,2.0,2.0,2.0,5202.0,2.0,0.0,0.0,0.0,0.0,99.0,2.0,10333.0,1.0,0.0,0.0,0.0,0.0,0.0,0.0,0.0,0.0,0.0,0.0,0.0,0.0,0.0,0.0,5.0,2.0,0.0,0.0,2.0,2.0,2.0,2.0,5.0,1.0,1.0,1.0,1.0,0.0,1.0,0.0,1.0,1.0,-9.0,0.0,0.0,0.0,0.0,0.0,0.0,0.0,,0.0,0.0,,,,,,,,,,,,,,,,,,,,,,,,,,,,-9,12,12.0,12,,12.0,12,0,0,-9.0,12,12.0,12,,12.0,12,0,0,0,0,0,0,0,0,0,0,0,0,0,0,0,12,12.0,12,,12.0,12,0.0,12,12.0,12,,12.0,12,0,2023,1,1,44,N,20,208,1,,4,1,,4,1,1,1,,1,1,1,1,2,2,2,4,3,2,0,1,1,1,2,0,2,0,3,,1,,1,1,2,2,2,2,2,1,2,2,2,2,2,1,2,2,2,2,2,2,2,2,2,8,2,6,0,12,12.0,12,,12.0,12,0.0,12,12.0,12,,12.0,12,0,1,0,98,0,0,0
53,53,TQRMNOPSWHJMKNCDEHGHJ00796976,2023,1,1,3,1,44,N,20,208,3,2,2000-04-22 00:00:00,22,2,1.0,1,1,1,4,2,3.0,3,66.0,1,,3,3,0,3,,0,0,0,0,0,0,0,0,0,2,2,,,,,,,,,,,,,,,,,,,,,,,,,,,,,,,,,,,,,,,,,,,,,,,,,,,,,,,,,,,,,,,,,,,,,,,,,,,,,,,,,,,,,,,,,,,0,0,0.0,0,,0.0,0,208,0,-9.0,12,12.0,12,,12.0,12,0,0,0,0,-9,0,0,0,7200,0,0,0,0,-9,0,12,12.0,12,,12.0,12,0.0,12,12.0,12,,12.0,12,0,2023,1,1,44,N,20,208,1,,4,1,,4,1,1,1,,1,1,1,1,2,2,2,4,3,2,0,1,1,1,2,0,2,0,3,,1,,1,1,2,2,2,2,2,1,2,2,2,2,2,1,2,2,2,2,2,2,2,2,2,8,2,6,0,12,12.0,12,,12.0,12,0.0,12,12.0,12,,12.0,12,0,1,0,98,0,0,0
54,54,TQRMNOPSWHJMKNCDEHGHJ00796976,2023,1,1,4,1,44,N,20,208,3,2,2007-11-03 00:00:00,15,5,1.0,1,1,1,4,2,2.0,3,66.0,1,,3,3,0,3,,0,0,0,0,0,0,0,0,0,2,2,,,,,,,,,,,,,,,,,,,,,,,,,,,,,,,,,,,,,,,,,,,,,,,,,,,,,,,,,,,,,,,,,,,,,,,,,,,,,,,,,,,,,,,,,,,0,0,0.0,0,,0.0,0,208,0,0.0,0,0.0,0,,0.0,0,208,0,0,0,0,0,0,0,0,0,0,0,0,0,0,12,12.0,12,,12.0,12,0.0,12,12.0,12,,12.0,12,0,2023,1,1,44,N,20,208,1,,4,1,,4,1,1,1,,1,1,1,1,2,2,2,4,3,2,0,1,1,1,2,0,2,0,3,,1,,1,1,2,2,2,2,2,1,2,2,2,2,2,1,2,2,2,2,2,2,2,2,2,8,2,6,0,12,12.0,12,,12.0,12,0.0,12,12.0,12,,12.0,12,0,1,0,98,0,0,0
55,55,TQRMNOPSWHJMKNCDEHGHJ00796976,2023,1,1,5,1,44,N,20,208,3,1,2010-07-18 00:00:00,12,5,1.0,1,1,1,2,2,6.0,3,66.0,1,,1,3,0,3,,0,0,0,0,0,0,0,0,0,2,2,,,,,,,,,,,,,,,,,,,,,,,,,,,,,,,,,,,,,,,,,,,,,,,,,,,,,,,,,,,,,,,,,,,,,,,,,,,,,,,,,,,,,,,,,,,0,0,0.0,0,,0.0,0,208,0,0.0,0,0.0,0,,0.0,0,208,0,0,0,0,0,0,0,0,0,0,0,0,0,0,12,12.0,12,,12.0,12,0.0,12,12.0,12,,12.0,12,0,2023,1,1,44,N,20,208,1,,4,1,,4,1,1,1,,1,1,1,1,2,2,2,4,3,2,0,1,1,1,2,0,2,0,3,,1,,1,1,2,2,2,2,2,1,2,2,2,2,2,1,2,2,2,2,2,2,2,2,2,8,2,6,0,12,12.0,12,,12.0,12,0.0,12,12.0,12,,12.0,12,0,1,0,98,0,0,0
56,56,TQRMNOPSWHJMKNCDEHGHJ00796976,2023,1,1,6,0,44,N,20,208,3,2,2014-11-24 00:00:00,8,5,1.0,1,1,1,2,2,2.0,3,66.0,1,,1,4,0,3,,0,0,0,0,0,0,0,0,0,0,0,,,,,,,,,,,,,,,,,,,,,,,,,,,,,,,,,,,,,,,,,,,,,,,,,,,,,,,,,,,,,,,,,,,,,,,,,,,,,,,,,,,,,,,,,,,0,0,0.0,0,,0.0,0,208,0,0.0,0,0.0,0,,0.0,0,208,0,0,0,0,0,0,0,0,0,0,0,0,0,0,12,12.0,12,,12.0,12,0.0,12,12.0,12,,12.0,12,0,2023,1,1,44,N,20,208,1,,4,1,,4,1,1,1,,1,1,1,1,2,2,2,4,3,2,0,1,1,1,2,0,2,0,3,,1,,1,1,2,2,2,2,2,1,2,2,2,2,2,1,2,2,2,2,2,2,2,2,2,8,2,6,0,12,12.0,12,,12.0,12,0.0,12,12.0,12,,12.0,12,0,1,0,98,0,0,0
57,57,TQRMNOPSWHJMKNCDEHGHJ00796976,2023,1,1,7,0,44,N,20,208,5,1,2020-07-08 00:00:00,2,5,3.0,2,3,0,0,0,,1,,6,,7,4,0,5,,0,0,0,0,0,0,0,0,0,0,0,,,,,,,,,,,,,,,,,,,,,,,,,,,,,,,,,,,,,,,,,,,,,,,,,,,,,,,,,,,,,,,,,,,,,,,,,,,,,,,,,,,,,,,,,,,0,0,0.0,0,,0.0,0,208,0,0.0,0,0.0,0,,0.0,0,208,0,0,0,0,0,0,0,0,0,0,0,0,0,0,12,12.0,12,,12.0,12,0.0,12,12.0,12,,12.0,12,0,2023,1,1,44,N,20,208,1,,4,1,,4,1,1,1,,1,1,1,1,2,2,2,4,3,2,0,1,1,1,2,0,2,0,3,,1,,1,1,2,2,2,2,2,1,2,2,2,2,2,1,2,2,2,2,2,2,2,2,2,8,2,6,0,12,12.0,12,,12.0,12,0.0,12,12.0,12,,12.0,12,0,1,0,98,0,0,0
58,58,TQRMNOPSWHJMKNCDEHGHJ00796976,2023,1,1,8,1,44,N,20,208,4,1,1993-02-11 00:00:00,30,2,3.0,1,1,1,4,2,3.0,3,66.0,1,,3,3,0,3,,0,0,0,0,0,0,0,0,0,2,2,,,,,,,,,,,,,,,,,,,,,,,,,,,,,,,,,,,,,,,,,,,,,,,,,,,,,,,,,,,,,,,,,,,,,,,,,,,,,,,,,,,,,,,,,,,0,0,0.0,0,,0.0,0,208,0,0.0,0,0.0,0,,0.0,0,208,0,0,0,0,0,0,0,0,0,0,0,0,0,0,12,12.0,12,,12.0,12,0.0,12,12.0,12,,12.0,12,0,2023,1,1,44,N,20,208,1,,4,1,,4,1,1,1,,1,1,1,1,2,2,2,4,3,2,0,1,1,1,2,0,2,0,3,,1,,1,1,2,2,2,2,2,1,2,2,2,2,2,1,2,2,2,2,2,2,2,2,2,8,2,6,0,12,12.0,12,,12.0,12,0.0,12,12.0,12,,12.0,12,0,1,0,98,0,0,0
59,59,TQRMNOQRUHLLKQCDEHGHJ00717010,2023,1,1,1,1,44,N,20,76,1,2,1958-12-05 00:00:00,64,5,1.0,1,2,0,7,1,,3,6.0,1,,6,1,3,0,,0,0,0,0,0,0,0,0,0,0,0,2.0,3.0,25.0,0.0,2.0,0.0,2.0,2.0,2.0,1.0,9100.0,2.0,0.0,0.0,0.0,0.0,7.0,0.0,42331.0,1.0,0.0,0.0,0.0,0.0,0.0,0.0,0.0,0.0,0.0,0.0,0.0,0.0,0.0,0.0,6.0,2.0,0.0,0.0,2.0,2.0,2.0,2.0,5.0,1.0,1.0,1.0,1.0,0.0,1.0,0.0,1.0,1.0,100000.0,0.0,0.0,0.0,50000.0,0.0,0.0,0.0,,0.0,0.0,,,,,,,,,,,,,,,,,,,,,,,,,,,,100000,6,6.0,4,,7.0,4,89,50000,200000.0,9,9.0,8,,9.0,8,91,0,0,0,0,0,0,0,0,0,0,0,0,0,200000,6,6.0,5,,7.0,5,200000.0,10,10.0,9,,10.0,9,83,2023,1,1,44,N,20,76,2,,3,1,,4,1,1,1,,1,1,1,1,2,2,2,3,1,2,0,1,1,2,2,0,2,0,3,,1,,1,1,2,2,2,2,2,2,2,2,2,2,2,2,2,2,2,2,2,2,2,2,2,1,0,1,200000,6,6.0,5,,7.0,5,200000.0,10,10.0,9,,10.0,9,83,1,0,98,0,0,0
60,60,TQRMNOQTSHLNKRCDEHGHJ00716992,2023,1,1,1,1,44,N,20,164,1,2,1986-10-06 00:00:00,36,5,1.0,1,2,0,2,1,,1,,1,,2,1,3,0,,0,0,0,0,0,0,0,0,0,0,0,1.0,0.0,30.0,0.0,2.0,0.0,2.0,2.0,2.0,1.0,8401.0,2.0,0.0,0.0,0.0,0.0,6.0,0.0,56314.0,1.0,0.0,0.0,0.0,0.0,0.0,0.0,0.0,0.0,0.0,0.0,0.0,0.0,0.0,0.0,6.0,2.0,0.0,0.0,2.0,2.0,2.0,2.0,5.0,1.0,1.0,1.0,1.0,0.0,1.0,0.0,1.0,1.0,58000.0,0.0,0.0,0.0,0.0,0.0,0.0,0.0,,0.0,0.0,,,,,,,,,,,,,,,,,,,,,,,,,,,,58000,3,3.0,2,,4.0,2,183,0,58000.0,3,3.0,2,,3.0,2,188,0,0,0,0,0,0,0,0,0,0,0,0,0,0,12,12.0,12,,12.0,12,0.0,12,12.0,12,,12.0,12,0,2023,1,1,44,N,20,164,1,,2,2,,4,1,1,1,,1,1,1,1,2,2,2,2,2,2,0,1,2,2,2,0,2,0,4,,1,,1,1,2,2,2,2,2,1,2,2,2,2,2,2,2,1,2,1,2,2,2,2,2,5,1,4,0,12,12.0,12,,12.0,12,0.0,12,12.0,12,,12.0,12,0,1,0,2,0,0,0
61,61,TQRMNOQTSHLNKRCDEHGHJ00716992,2023,1,1,2,1,44,N,20,164,3,2,2002-01-24 00:00:00,21,5,3.0,1,2,0,4,2,1.0,1,,1,,3,2,3,0,,2,1,2,2,2,1,2,2,0,0,0,,,,,,,,,,,,,,,,,,,,,,,,,,,,,,,,,,,,,,,,,,,,,,,,,,,,,,,,,,,,,,,,,2.0,1.0,0.0,2.0,2.0,9700.0,1.0,0.0,0.0,3.0,0.0,0.0,57314.0,0.0,0.0,0.0,0.0,0.0,0.0,2.0,4.0,0.0,0.0,0.0,0.0,2.0,0,0,0.0,0,,0.0,0,164,0,-9.0,12,12.0,12,,12.0,12,0,0,0,0,-9,0,0,0,0,0,0,0,0,-9,0,12,12.0,12,,12.0,12,0.0,12,12.0,12,,12.0,12,0,2023,1,1,44,N,20,164,1,,2,2,,4,1,1,1,,1,1,1,1,2,2,2,2,2,2,0,1,2,2,2,0,2,0,4,,1,,1,1,2,2,2,2,2,1,2,2,2,2,2,2,2,1,2,1,2,2,2,2,2,5,1,4,0,12,12.0,12,,12.0,12,0.0,12,12.0,12,,12.0,12,0,1,0,2,0,0,0
62,62,TQRMNOQTSHLNKRCDEHGHJ00716992,2023,1,1,3,1,44,N,20,164,3,1,2005-01-02 00:00:00,18,5,1.0,1,2,0,4,2,4.0,1,,1,,3,2,3,0,,2,1,1,2,2,2,2,2,0,0,0,,,,,,,,,,,,,,,,,,,,,,,,,,,,,,,,,,,,,,,,,,,,,,,,,,,,,,,,,,,,,,,,,2.0,1.0,0.0,2.0,2.0,4000.0,2.0,0.0,0.0,0.0,9.0,0.0,72314.0,0.0,3.0,0.0,0.0,1.0,3.0,2.0,4.0,0.0,0.0,0.0,0.0,2.0,0,0,0.0,0,,0.0,0,164,0,0.0,0,0.0,0,,0.0,0,164,0,0,0,0,0,0,0,0,0,0,0,0,0,0,12,12.0,12,,12.0,12,0.0,12,12.0,12,,12.0,12,0,2023,1,1,44,N,20,164,1,,2,2,,4,1,1,1,,1,1,1,1,2,2,2,2,2,2,0,1,2,2,2,0,2,0,4,,1,,1,1,2,2,2,2,2,1,2,2,2,2,2,2,2,1,2,1,2,2,2,2,2,5,1,4,0,12,12.0,12,,12.0,12,0.0,12,12.0,12,,12.0,12,0,1,0,2,0,0,0
63,63,TQRMNOQTSHLNKRCDEHGHJ00716992,2023,1,1,4,1,44,N,20,164,3,2,2007-07-11 00:00:00,15,5,1.0,1,1,1,4,2,3.0,1,,1,,3,3,0,3,,0,0,0,0,0,0,0,0,0,2,2,,,,,,,,,,,,,,,,,,,,,,,,,,,,,,,,,,,,,,,,,,,,,,,,,,,,,,,,,,,,,,,,,,,,,,,,,,,,,,,,,,,,,,,,,,,0,0,0.0,0,,0.0,0,164,0,0.0,0,0.0,0,,0.0,0,164,0,0,0,0,0,0,0,0,0,0,0,0,0,0,12,12.0,12,,12.0,12,0.0,12,12.0,12,,12.0,12,0,2023,1,1,44,N,20,164,1,,2,2,,4,1,1,1,,1,1,1,1,2,2,2,2,2,2,0,1,2,2,2,0,2,0,4,,1,,1,1,2,2,2,2,2,1,2,2,2,2,2,2,2,1,2,1,2,2,2,2,2,5,1,4,0,12,12.0,12,,12.0,12,0.0,12,12.0,12,,12.0,12,0,1,0,2,0,0,0
64,64,TQRMNOQTSHLNKRCDEHGHJ00716992,2023,1,1,5,0,44,N,20,164,5,1,2017-04-02 00:00:00,5,5,3.0,2,2,0,1,1,,1,,1,,7,4,0,5,,0,0,0,0,0,0,0,0,0,0,0,,,,,,,,,,,,,,,,,,,,,,,,,,,,,,,,,,,,,,,,,,,,,,,,,,,,,,,,,,,,,,,,,,,,,,,,,,,,,,,,,,,,,,,,,,,0,0,0.0,0,,0.0,0,164,0,0.0,0,0.0,0,,0.0,0,164,0,0,0,0,0,0,0,0,0,0,0,0,0,0,12,12.0,12,,12.0,12,0.0,12,12.0,12,,12.0,12,0,2023,1,1,44,N,20,164,1,,2,2,,4,1,1,1,,1,1,1,1,2,2,2,2,2,2,0,1,2,2,2,0,2,0,4,,1,,1,1,2,2,2,2,2,1,2,2,2,2,2,2,2,1,2,1,2,2,2,2,2,5,1,4,0,12,12.0,12,,12.0,12,0.0,12,12.0,12,,12.0,12,0,1,0,2,0,0,0
65,65,TQRMNORWXHLMMLCDEFIAH00714619,2023,1,1,3,0,43,S,2,878,5,1,2014-11-13 00:00:00,8,5,1.0,1,1,1,2,2,1.0,1,,1,,1,4,0,3,,0,0,0,0,0,0,0,0,0,0,0,,,,,,,,,,,,,,,,,,,,,,,,,,,,,,,,,,,,,,,,,,,,,,,,,,,,,,,,,,,,,,,,,,,,,,,,,,,,,,,,,,,,,,,,,,,0,0,0.0,0,0.0,,0,878,0,0.0,0,0.0,0,0.0,,0,878,0,0,0,0,0,0,0,0,0,0,0,0,0,150000,5,5.0,5,5.0,,5,50000.0,4,4.0,3,4.0,,3,1260,2023,1,1,43,S,2,878,1,,3,1,,4,1,1,1,,1,1,1,2,2,2,2,3,2,2,0,2,1,1,2,0,2,0,1,,1,,1,1,1,2,2,2,2,2,2,2,2,2,2,2,2,2,2,2,2,2,2,2,2,3,1,2,150000,5,5.0,5,5.0,,5,50000.0,4,4.0,3,4.0,,3,1260,2,0,98,0,0,0
66,66,TQRMNORWXHLMMLCDEFIAH00714619,2023,1,1,1,1,43,S,2,878,1,2,1947-11-20 00:00:00,75,3,1.0,1,2,0,3,2,99.0,2,,1,,4,3,0,1,1.0,0,0,0,0,0,0,0,0,0,2,2,,,,,,,,,,,,,,,,,,,,,,,,,,,,,,,,,,,,,,,,,,,,,,,,,,,,,,,,,,,,,,,,,,,,,,,,,,,,,,,,,,,,,,,,,,,0,0,0.0,0,0.0,,0,878,0,60000.0,3,3.0,3,3.0,,3,1044,60000,0,0,0,0,0,0,0,0,0,0,0,60000,150000,5,5.0,5,5.0,,5,50000.0,4,4.0,3,4.0,,3,1260,2023,1,1,43,S,2,878,1,,3,1,,4,1,1,1,,1,1,1,2,2,2,2,3,2,2,0,2,1,1,2,0,2,0,1,,1,,1,1,1,2,2,2,2,2,2,2,2,2,2,2,2,2,2,2,2,2,2,2,2,3,1,2,150000,5,5.0,5,5.0,,5,50000.0,4,4.0,3,4.0,,3,1260,2,0,98,0,0,0
67,67,TQRMNORWXHLMMLCDEFIAH00714619,2023,1,1,2,1,43,S,2,878,3,1,1989-04-12 00:00:00,33,5,1.0,1,2,0,4,2,2.0,1,,1,,3,1,3,0,,0,0,0,0,0,0,0,0,0,0,0,1.0,0.0,30.0,0.0,2.0,0.0,2.0,2.0,2.0,1.0,8401.0,2.0,0.0,0.0,0.0,0.0,99.0,9.0,80313.0,1.0,0.0,0.0,0.0,0.0,0.0,0.0,0.0,0.0,0.0,0.0,0.0,0.0,0.0,0.0,5.0,1.0,5.0,4.0,2.0,2.0,2.0,2.0,5.0,1.0,1.0,1.0,1.0,0.0,1.0,0.0,1.0,1.0,90000.0,0.0,0.0,0.0,0.0,0.0,0.0,0.0,,0.0,0.0,,,,,,,,,,,,,,,,,,,,,,,,,,,,90000,5,6.0,5,5.0,,5,1530,0,90000.0,5,6.0,5,5.0,,6,1529,0,0,0,0,0,0,0,0,0,0,0,0,0,150000,5,5.0,5,5.0,,5,50000.0,4,4.0,3,4.0,,3,1260,2023,1,1,43,S,2,878,1,,3,1,,4,1,1,1,,1,1,1,2,2,2,2,3,2,2,0,2,1,1,2,0,2,0,1,,1,,1,1,1,2,2,2,2,2,2,2,2,2,2,2,2,2,2,2,2,2,2,2,2,3,1,2,150000,5,5.0,5,5.0,,5,50000.0,4,4.0,3,4.0,,3,1260,2,0,98,0,0,0
68,68,TQRMNORVRHMMMLCDEFIAH00798339,2023,1,1,1,1,43,S,2,920,1,1,1976-08-07 00:00:00,46,1,1.0,1,2,0,7,2,2.0,2,,1,,5,1,3,0,,0,0,0,0,0,0,0,0,0,0,0,1.0,0.0,40.0,0.0,2.0,0.0,2.0,2.0,2.0,2.0,3600.0,2.0,0.0,0.0,0.0,0.0,12.0,0.0,10333.0,1.0,0.0,0.0,0.0,0.0,0.0,0.0,0.0,0.0,0.0,0.0,0.0,0.0,0.0,0.0,6.0,2.0,0.0,0.0,2.0,2.0,2.0,2.0,5.0,1.0,1.0,1.0,1.0,0.0,1.0,0.0,1.0,1.0,150000.0,0.0,0.0,0.0,0.0,0.0,0.0,0.0,,0.0,0.0,,,,,,,,,,,,,,,,,,,,,,,,,,,,150000,8,8.0,8,8.0,,8,1229,0,150000.0,8,8.0,8,8.0,,8,1423,0,0,0,0,0,0,0,0,0,0,0,0,0,220000,7,7.0,7,7.0,,6,73333.33,6,6.0,5,6.0,,5,2381,2023,1,1,43,S,2,920,1,,2,1,,2,1,1,1,,1,1,1,1,2,2,2,2,2,2,0,1,2,2,2,0,2,0,1,,4,ELECTRICIDAD,1,1,2,2,2,2,2,2,2,2,2,2,2,2,2,2,2,2,1,2,2,2,2,3,1,2,220000,7,7.0,7,7.0,,6,73333.33,6,6.0,5,6.0,,5,2381,2,1,98,0,0,0
69,69,TQRMNORVRHMMMLCDEFIAH00798339,2023,1,1,2,1,43,S,2,920,2,2,1976-11-25 00:00:00,46,1,1.0,1,2,0,4,1,,2,,1,,4,1,2,0,,0,0,0,0,0,0,0,0,0,0,0,1.0,0.0,12.0,0.0,2.0,0.0,2.0,2.0,2.0,2.0,4811.0,2.0,0.0,0.0,0.0,0.0,1.0,0.0,30133.0,6.0,0.0,0.0,0.0,1.0,3.0,3.0,1.0,7.0,5.0,2.0,70000.0,0.0,0.0,0.0,0.0,0.0,0.0,0.0,0.0,0.0,0.0,0.0,0.0,0.0,0.0,0.0,0.0,0.0,0.0,0.0,0.0,0.0,0.0,0.0,0.0,0.0,0.0,0.0,0.0,0.0,,0.0,0.0,,,,,,,,,,,,,,,,,,,,,,,,,,,,70000,4,4.0,4,4.0,,4,2168,0,70000.0,4,4.0,4,4.0,,4,2068,0,0,0,0,0,0,0,0,0,0,0,0,0,220000,7,7.0,7,7.0,,6,73333.33,6,6.0,5,6.0,,5,2381,2023,1,1,43,S,2,920,1,,2,1,,2,1,1,1,,1,1,1,1,2,2,2,2,2,2,0,1,2,2,2,0,2,0,1,,4,ELECTRICIDAD,1,1,2,2,2,2,2,2,2,2,2,2,2,2,2,2,2,2,1,2,2,2,2,3,1,2,220000,7,7.0,7,7.0,,6,73333.33,6,6.0,5,6.0,,5,2381,2,1,98,0,0,0
70,70,TQRMNORVRHMMMLCDEFIAH00798339,2023,1,1,3,0,43,S,2,920,3,2,2014-12-01 00:00:00,8,5,1.0,1,1,2,2,2,2.0,2,,1,,1,4,0,3,,0,0,0,0,0,0,0,0,0,0,0,,,,,,,,,,,,,,,,,,,,,,,,,,,,,,,,,,,,,,,,,,,,,,,,,,,,,,,,,,,,,,,,,,,,,,,,,,,,,,,,,,,,,,,,,,,0,0,0.0,0,0.0,,0,920,0,0.0,0,0.0,0,0.0,,0,920,0,0,0,0,0,0,0,0,0,0,0,0,0,220000,7,7.0,7,7.0,,6,73333.33,6,6.0,5,6.0,,5,2381,2023,1,1,43,S,2,920,1,,2,1,,2,1,1,1,,1,1,1,1,2,2,2,2,2,2,0,1,2,2,2,0,2,0,1,,4,ELECTRICIDAD,1,1,2,2,2,2,2,2,2,2,2,2,2,2,2,2,2,2,1,2,2,2,2,3,1,2,220000,7,7.0,7,7.0,,6,73333.33,6,6.0,5,6.0,,5,2381,2,1,98,0,0,0
71,71,TQRMNORPPHKOMMCDEFIAH00775703,2023,1,1,1,1,43,S,2,738,1,2,1992-04-03 00:00:00,30,1,4.0,1,2,0,4,1,,1,,1,,4,3,0,4,,0,0,0,0,0,0,0,0,4,1,2,,,,,,,,,,,,,,,,,,,,,,,,,,,,,,,,,,,,,,,,,,,,,,,,,,,,,,,,,,,,,,,,,,,,,,,,,,,,,,,,,,,,,,,,,,,0,0,0.0,0,0.0,,0,738,0,0.0,0,0.0,0,0.0,,0,738,0,0,0,0,0,0,0,0,0,0,0,0,0,0,12,12.0,12,12.0,,12,0.0,12,12.0,12,12.0,,12,0,2023,1,1,43,S,2,738,1,,2,1,,4,2,1,1,,1,1,1,3,2,1,2,2,2,2,0,1,2,2,2,0,2,0,1,,1,,1,1,2,2,2,2,2,1,1,2,2,2,2,2,2,2,2,2,2,2,2,2,2,5,1,4,0,12,12.0,12,12.0,,12,0.0,12,12.0,12,12.0,,12,0,1,2,98,0,0,0
72,72,TQRMNORPPHKOMMCDEFIAH00775703,2023,1,1,2,1,43,S,2,738,2,1,1984-08-23 00:00:00,38,1,1.0,1,2,0,4,1,,3,18.0,1,,4,1,3,0,,0,0,0,0,0,0,0,0,0,0,0,1.0,0.0,48.0,0.0,2.0,0.0,2.0,2.0,3.0,2.0,5601.0,2.0,0.0,0.0,0.0,0.0,7.0,0.0,47313.0,1.0,0.0,0.0,0.0,0.0,0.0,0.0,0.0,0.0,0.0,0.0,0.0,0.0,0.0,0.0,5.0,2.0,0.0,0.0,1.0,2.0,2.0,2.0,0.0,1.0,1.0,1.0,1.0,0.0,1.0,0.0,1.0,1.0,-9.0,0.0,0.0,0.0,-9.0,0.0,0.0,0.0,,0.0,0.0,,,,,,,,,,,,,,,,,,,,,,,,,,,,-9,12,12.0,12,12.0,,12,0,0,-9.0,12,12.0,12,12.0,,12,0,0,0,0,0,0,0,0,0,0,0,0,0,0,0,12,12.0,12,12.0,,12,0.0,12,12.0,12,12.0,,12,0,2023,1,1,43,S,2,738,1,,2,1,,4,2,1,1,,1,1,1,3,2,1,2,2,2,2,0,1,2,2,2,0,2,0,1,,1,,1,1,2,2,2,2,2,1,1,2,2,2,2,2,2,2,2,2,2,2,2,2,2,5,1,4,0,12,12.0,12,12.0,,12,0.0,12,12.0,12,12.0,,12,0,1,2,98,0,0,0
73,73,TQRMNORPPHKOMMCDEFIAH00775703,2023,1,1,3,0,43,S,2,738,3,2,2021-06-02 00:00:00,1,5,1.0,3,0,0,0,0,,1,,6,,7,4,0,5,,0,0,0,0,0,0,0,0,0,0,0,,,,,,,,,,,,,,,,,,,,,,,,,,,,,,,,,,,,,,,,,,,,,,,,,,,,,,,,,,,,,,,,,,,,,,,,,,,,,,,,,,,,,,,,,,,0,0,0.0,0,0.0,,0,738,0,0.0,0,0.0,0,0.0,,0,738,0,0,0,0,0,0,0,0,0,0,0,0,0,0,12,12.0,12,12.0,,12,0.0,12,12.0,12,12.0,,12,0,2023,1,1,43,S,2,738,1,,2,1,,4,2,1,1,,1,1,1,3,2,1,2,2,2,2,0,1,2,2,2,0,2,0,1,,1,,1,1,2,2,2,2,2,1,1,2,2,2,2,2,2,2,2,2,2,2,2,2,2,5,1,4,0,12,12.0,12,12.0,,12,0.0,12,12.0,12,12.0,,12,0,1,2,98,0,0,0
74,74,TQRMNORPPHKOMMCDEFIAH00775703,2023,1,1,4,1,43,S,2,738,8,2,1900-01-01 00:00:00,35,5,4.0,1,2,0,4,1,,1,,1,,4,1,3,0,,0,0,0,0,0,0,0,0,0,0,0,1.0,0.0,48.0,0.0,2.0,0.0,2.0,2.0,3.0,2.0,4803.0,2.0,0.0,0.0,0.0,0.0,2.0,0.0,20313.0,1.0,0.0,0.0,0.0,0.0,0.0,0.0,0.0,0.0,0.0,0.0,0.0,0.0,0.0,0.0,5.0,2.0,0.0,0.0,1.0,2.0,2.0,2.0,0.0,2.0,2.0,2.0,2.0,5.0,2.0,2.0,1.0,4.0,-9.0,0.0,0.0,0.0,0.0,0.0,0.0,0.0,,0.0,0.0,,,,,,,,,,,,,,,,,,,,,,,,,,,,-9,12,12.0,12,12.0,,12,0,0,-9.0,12,12.0,12,12.0,,12,0,0,0,0,19000,0,0,0,0,0,0,0,0,19000,0,12,12.0,12,12.0,,12,0.0,12,12.0,12,12.0,,12,0,2023,1,1,43,S,2,738,1,,2,1,,4,2,1,1,,1,1,1,3,2,1,2,2,2,2,0,1,2,2,2,0,2,0,1,,1,,1,1,2,2,2,2,2,1,1,2,2,2,2,2,2,2,2,2,2,2,2,2,2,5,1,4,0,12,12.0,12,12.0,,12,0.0,12,12.0,12,12.0,,12,0,1,2,98,0,0,0
75,75,TQRMNORPPHKOMMCDEFIAH00775703,2023,1,1,5,1,43,S,2,738,9,2,1900-01-01 00:00:00,16,5,4.0,1,1,1,4,2,3.0,1,,1,,3,3,0,3,,0,0,0,0,0,0,0,0,0,2,2,,,,,,,,,,,,,,,,,,,,,,,,,,,,,,,,,,,,,,,,,,,,,,,,,,,,,,,,,,,,,,,,,,,,,,,,,,,,,,,,,,,,,,,,,,,0,0,0.0,0,0.0,,0,738,0,0.0,0,0.0,0,0.0,,0,738,0,0,0,0,0,0,0,0,0,0,0,0,0,0,12,12.0,12,12.0,,12,0.0,12,12.0,12,12.0,,12,0,2023,1,1,43,S,2,738,1,,2,1,,4,2,1,1,,1,1,1,3,2,1,2,2,2,2,0,1,2,2,2,0,2,0,1,,1,,1,1,2,2,2,2,2,1,1,2,2,2,2,2,2,2,2,2,2,2,2,2,2,5,1,4,0,12,12.0,12,12.0,,12,0.0,12,12.0,12,12.0,,12,0,1,2,98,0,0,0
76,76,TQRMNORPWHKOMMCDEFIAH00775786,2023,1,1,1,1,43,S,2,470,1,1,1995-11-24 00:00:00,27,5,1.0,1,2,0,4,1,,1,,1,,4,1,3,0,,0,0,0,0,0,0,0,0,0,0,0,2.0,2.0,72.0,24.0,1.0,1.0,1.0,2.0,3.0,1.0,8401.0,2.0,0.0,0.0,0.0,0.0,6.0,0.0,10333.0,1.0,0.0,0.0,0.0,0.0,0.0,0.0,0.0,0.0,0.0,0.0,0.0,0.0,0.0,0.0,5.0,2.0,0.0,0.0,1.0,2.0,2.0,2.0,0.0,1.0,1.0,1.0,1.0,0.0,1.0,0.0,3.0,1.0,-9.0,0.0,0.0,0.0,-9.0,0.0,0.0,0.0,,0.0,0.0,,,,,,,,,,,,,,,,,,,,,,,,,,,,-9,12,12.0,12,12.0,,12,0,48000,-9.0,12,12.0,12,12.0,,12,0,0,0,0,0,0,0,0,0,0,0,0,0,0,0,12,12.0,12,12.0,,12,0.0,12,12.0,12,12.0,,12,0,2023,1,1,43,S,2,470,1,,4,1,,3,1,1,1,,1,1,1,3,2,1,2,4,2,2,0,1,1,1,2,0,2,0,1,,1,,1,1,2,2,2,2,2,2,2,2,2,2,2,2,2,2,2,2,2,2,2,2,2,2,0,2,0,12,12.0,12,12.0,,12,0.0,12,12.0,12,12.0,,12,0,1,2,98,0,0,0
77,77,TQRMNORPWHKOMMCDEFIAH00775786,2023,1,1,2,1,43,S,2,470,6,2,1993-08-10 00:00:00,29,3,1.0,1,2,0,2,1,,4,221.0,1,,2,1,3,0,,0,0,0,0,0,0,0,0,0,0,0,2.0,2.0,8.0,8.0,2.0,0.0,2.0,2.0,2.0,2.0,9700.0,1.0,2.0,0.0,27.0,0.0,0.0,0.0,55314.0,0.0,0.0,0.0,0.0,0.0,0.0,0.0,0.0,0.0,0.0,0.0,0.0,0.0,0.0,0.0,0.0,0.0,0.0,0.0,1.0,2.0,2.0,2.0,0.0,1.0,1.0,1.0,1.0,0.0,1.0,0.0,1.0,1.0,30000.0,0.0,0.0,0.0,15000.0,0.0,0.0,0.0,,0.0,0.0,,,,,,,,,,,,,,,,,,,,,,,,,,,,30000,2,2.0,1,2.0,,1,847,16000,61000.0,4,4.0,3,4.0,,4,749,0,0,0,0,0,0,0,0,0,0,0,0,0,0,12,12.0,12,12.0,,12,0.0,12,12.0,12,12.0,,12,0,2023,1,1,43,S,2,470,1,,4,1,,3,1,1,1,,1,1,1,3,2,1,2,4,2,2,0,1,1,1,2,0,2,0,1,,1,,1,1,2,2,2,2,2,2,2,2,2,2,2,2,2,2,2,2,2,2,2,2,2,2,0,2,0,12,12.0,12,12.0,,12,0.0,12,12.0,12,12.0,,12,0,1,2,98,0,0,0
78,78,TQRMNOSWXHJKKMCDEFJAH00795227,2023,1,1,1,1,43,N,3,372,1,2,2002-06-24 00:00:00,20,5,2.0,1,1,1,7,2,3.0,2,,1,,5,3,0,3,,0,0,0,0,0,0,0,0,0,2,2,,,,,,,,,,,,,,,,,,,,,,,,,,,,,,,,,,,,,,,,,,,,,,,,,,,,,,,,,,,,,,,,,,,,,,,,,,,,,,,,,,,,,,,,,,,0,0,0.0,0,,0.0,0,372,0,70000.0,4,4.0,4,,5.0,3,620,0,0,0,0,0,0,0,0,70000,0,0,0,70000,70000,2,2.0,2,,2.0,1,70000.0,5,6.0,5,,6.0,4,406,2023,1,1,43,N,3,372,2,,1,1,,9,1,1,1,,1,1,1,1,2,2,2,1,1,2,0,1,2,2,2,0,2,0,3,,1,,1,2,2,2,2,2,2,2,2,2,2,2,2,2,1,2,2,2,2,2,2,2,2,1,0,1,70000,2,2.0,2,,2.0,1,70000.0,5,6.0,5,,6.0,4,406,1,0,98,0,0,0
79,79,TQRMNORUWHLMKOCDEFJAH00714730,2023,1,1,1,1,43,N,3,279,1,2,1977-01-13 00:00:00,46,3,2.0,1,2,0,6,1,,1,,1,,6,1,3,0,,0,0,0,0,0,0,0,0,0,0,0,1.0,0.0,40.0,0.0,2.0,0.0,2.0,2.0,2.0,1.0,8501.0,2.0,0.0,0.0,0.0,0.0,99.0,2.0,41332.0,3.0,0.0,0.0,0.0,0.0,0.0,0.0,0.0,0.0,0.0,0.0,0.0,0.0,0.0,0.0,6.0,2.0,0.0,0.0,2.0,2.0,2.0,2.0,5.0,1.0,1.0,1.0,1.0,0.0,1.0,0.0,1.0,1.0,160000.0,0.0,0.0,0.0,0.0,0.0,0.0,0.0,,0.0,0.0,,,,,,,,,,,,,,,,,,,,,,,,,,,,160000,8,9.0,8,,9.0,8,350,0,160000.0,8,8.0,8,,8.0,8,392,0,0,0,0,0,0,0,0,0,0,0,0,0,340000,9,9.0,9,,9.0,9,113333.33,8,8.0,8,,8.0,7,609,2023,1,1,43,N,3,279,2,,3,1,,1,1,1,1,,1,1,1,1,2,2,2,3,2,2,0,1,1,1,2,0,2,0,1,,1,,1,1,2,2,2,2,2,2,2,2,2,2,2,2,2,2,2,2,1,2,2,2,2,3,0,3,340000,9,9.0,9,,9.0,9,113333.33,8,8.0,8,,8.0,7,609,1,3,2,0,0,0
80,80,TQRMNORUWHLMKOCDEFJAH00714730,2023,1,1,2,1,43,N,3,279,3,1,2001-12-17 00:00:00,21,5,2.0,1,1,1,6,2,1.0,1,,1,,5,3,0,3,,0,0,0,0,0,0,0,0,0,2,2,,,,,,,,,,,,,,,,,,,,,,,,,,,,,,,,,,,,,,,,,,,,,,,,,,,,,,,,,,,,,,,,,,,,,,,,,,,,,,,,,,,,,,,,,,,0,0,0.0,0,,0.0,0,279,0,0.0,0,0.0,0,,0.0,0,279,0,0,0,0,0,0,0,0,0,0,0,0,0,340000,9,9.0,9,,9.0,9,113333.33,8,8.0,8,,8.0,7,609,2023,1,1,43,N,3,279,2,,3,1,,1,1,1,1,,1,1,1,1,2,2,2,3,2,2,0,1,1,1,2,0,2,0,1,,1,,1,1,2,2,2,2,2,2,2,2,2,2,2,2,2,2,2,2,1,2,2,2,2,3,0,3,340000,9,9.0,9,,9.0,9,113333.33,8,8.0,8,,8.0,7,609,1,3,2,0,0,0
81,81,TQRMNORUWHLMKOCDEFJAH00714730,2023,1,1,3,1,43,N,3,279,3,2,1996-01-15 00:00:00,27,5,12.0,1,2,0,7,1,,1,,1,,6,1,3,0,,0,0,0,0,0,0,0,0,0,0,0,1.0,0.0,45.0,0.0,2.0,0.0,2.0,2.0,2.0,1.0,8600.0,2.0,0.0,0.0,0.0,0.0,11.0,0.0,40311.0,1.0,0.0,0.0,0.0,0.0,0.0,0.0,0.0,0.0,0.0,0.0,0.0,0.0,0.0,0.0,4.0,9.0,9.0,4.0,2.0,2.0,2.0,2.0,5.0,1.0,1.0,1.0,1.0,0.0,1.0,0.0,3.0,1.0,180000.0,0.0,0.0,0.0,0.0,0.0,0.0,0.0,,0.0,0.0,,,,,,,,,,,,,,,,,,,,,,,,,,,,180000,9,9.0,9,,9.0,9,355,0,180000.0,8,9.0,8,,9.0,8,398,0,0,0,0,0,0,0,0,0,0,0,0,0,340000,9,9.0,9,,9.0,9,113333.33,8,8.0,8,,8.0,7,609,2023,1,1,43,N,3,279,2,,3,1,,1,1,1,1,,1,1,1,1,2,2,2,3,2,2,0,1,1,1,2,0,2,0,1,,1,,1,1,2,2,2,2,2,2,2,2,2,2,2,2,2,2,2,2,1,2,2,2,2,3,0,3,340000,9,9.0,9,,9.0,9,113333.33,8,8.0,8,,8.0,7,609,1,3,2,0,0,0
82,82,TQRMNOQPRHKMMNCDEGJBF00777401,2023,1,1,1,1,43,S,13,662,1,1,1944-07-29 00:00:00,78,2,1.0,1,2,0,7,1,,1,,1,,6,3,0,1,,0,0,0,0,0,0,0,0,0,2,2,,,,,,,,,,,,,,,,,,,,,,,,,,,,,,,,,,,,,,,,,,,,,,,,,,,,,,,,,,,,,,,,,,,,,,,,,,,,,,,,,,,,,,,,,,,0,0,0.0,0,0.0,,0,662,0,75000.0,5,5.0,4,5.0,,4,687,50000,0,0,0,0,0,0,0,0,0,0,25000,75000,255000,7,8.0,8,7.0,,8,85000.0,7,7.0,6,6.0,,6,743,2023,1,1,43,S,13,662,2,,4,1,,2,1,1,1,,1,1,1,1,2,2,2,4,3,2,0,1,2,1,2,0,2,0,1,,1,,1,1,1,1,2,2,2,2,2,2,2,2,2,2,2,1,2,2,1,2,2,2,2,3,0,3,255000,7,8.0,8,7.0,,8,85000.0,7,7.0,6,6.0,,6,743,2,3,98,0,0,0
83,83,TQRMNOQPRHKMMNCDEGJBF00777401,2023,1,1,2,1,43,S,13,662,2,2,1950-03-07 00:00:00,72,2,1.0,1,2,0,2,1,,1,,1,,2,3,0,1,,0,0,0,0,0,0,0,0,0,2,2,,,,,,,,,,,,,,,,,,,,,,,,,,,,,,,,,,,,,,,,,,,,,,,,,,,,,,,,,,,,,,,,,,,,,,,,,,,,,,,,,,,,,,,,,,,0,0,0.0,0,0.0,,0,662,0,75000.0,4,5.0,4,4.0,,4,674,50000,0,0,0,0,0,0,0,0,0,0,25000,75000,255000,7,8.0,8,7.0,,8,85000.0,7,7.0,6,6.0,,6,743,2023,1,1,43,S,13,662,2,,4,1,,2,1,1,1,,1,1,1,1,2,2,2,4,3,2,0,1,2,1,2,0,2,0,1,,1,,1,1,1,1,2,2,2,2,2,2,2,2,2,2,2,1,2,2,1,2,2,2,2,3,0,3,255000,7,8.0,8,7.0,,8,85000.0,7,7.0,6,6.0,,6,743,2,3,98,0,0,0
84,84,TQRMNOQPRHKMMNCDEGJBF00777401,2023,1,1,3,1,43,S,13,662,3,2,1900-01-01 00:00:00,39,5,1.0,1,2,0,3,1,,1,,1,,3,1,3,0,,0,0,0,0,0,0,0,0,0,0,0,1.0,0.0,48.0,0.0,2.0,0.0,2.0,2.0,3.0,2.0,6500.0,2.0,0.0,0.0,0.0,0.0,99.0,3.0,40312.0,1.0,0.0,0.0,0.0,0.0,0.0,0.0,0.0,0.0,0.0,0.0,0.0,0.0,0.0,0.0,6.0,2.0,0.0,0.0,2.0,2.0,2.0,2.0,5.0,1.0,1.0,1.0,1.0,0.0,1.0,0.0,3.0,1.0,70000.0,0.0,0.0,0.0,35000.0,0.0,0.0,0.0,,0.0,0.0,,,,,,,,,,,,,,,,,,,,,,,,,,,,70000,4,4.0,4,4.0,,4,695,0,105000.0,6,7.0,6,6.0,,6,687,0,0,0,0,0,0,0,0,0,0,0,0,0,255000,7,8.0,8,7.0,,8,85000.0,7,7.0,6,6.0,,6,743,2023,1,1,43,S,13,662,2,,4,1,,2,1,1,1,,1,1,1,1,2,2,2,4,3,2,0,1,2,1,2,0,2,0,1,,1,,1,1,1,1,2,2,2,2,2,2,2,2,2,2,2,1,2,2,1,2,2,2,2,3,0,3,255000,7,8.0,8,7.0,,8,85000.0,7,7.0,6,6.0,,6,743,2,3,98,0,0,0
85,85,TQRMNOQWRHJOMLCDEGGFB00795982,2023,1,1,4,1,42,S,10,555,4,1,1996-03-31 00:00:00,26,1,1.0,1,2,0,4,2,1.0,1,,1,,3,1,3,0,,0,0,0,0,0,0,0,0,0,0,0,1.0,0.0,32.0,0.0,1.0,1.0,1.0,2.0,1.0,2.0,4806.0,2.0,0.0,0.0,0.0,0.0,6.0,0.0,30314.0,1.0,0.0,0.0,0.0,0.0,0.0,0.0,0.0,0.0,0.0,0.0,0.0,0.0,0.0,0.0,5.0,2.0,0.0,0.0,2.0,2.0,2.0,2.0,5.0,1.0,1.0,1.0,1.0,0.0,1.0,0.0,3.0,1.0,120000.0,0.0,0.0,0.0,0.0,0.0,0.0,0.0,,0.0,0.0,,,,,,,,,,,,,,,,,,,,,,,,,,,,120000,7,7.0,8,7.0,,8,797,0,120000.0,7,7.0,8,7.0,,8,712,0,0,0,0,0,0,0,0,0,0,0,0,0,0,12,12.0,12,12.0,,12,0.0,12,12.0,12,12.0,,12,0,2023,1,1,42,S,10,555,1,,4,1,,1,2,1,1,,1,1,1,1,2,2,2,4,3,2,0,1,1,1,2,0,1,1,1,,1,,1,1,2,2,2,2,2,2,2,2,2,2,2,2,2,1,2,2,2,2,2,2,2,5,1,4,0,12,12.0,12,12.0,,12,0.0,12,12.0,12,12.0,,12,0,2,0,3,4,0,0
86,86,TQRMNOQWRHJOMLCDEGGFB00795982,2023,1,1,5,0,42,S,10,555,5,2,2021-07-30 00:00:00,1,5,1.0,3,0,0,0,0,,1,,6,,7,4,0,5,,0,0,0,0,0,0,0,0,0,0,0,,,,,,,,,,,,,,,,,,,,,,,,,,,,,,,,,,,,,,,,,,,,,,,,,,,,,,,,,,,,,,,,,,,,,,,,,,,,,,,,,,,,,,,,,,,0,0,0.0,0,0.0,,0,555,0,0.0,0,0.0,0,0.0,,0,555,0,0,0,0,0,0,0,0,0,0,0,0,0,0,12,12.0,12,12.0,,12,0.0,12,12.0,12,12.0,,12,0,2023,1,1,42,S,10,555,1,,4,1,,1,2,1,1,,1,1,1,1,2,2,2,4,3,2,0,1,1,1,2,0,1,1,1,,1,,1,1,2,2,2,2,2,2,2,2,2,2,2,2,2,1,2,2,2,2,2,2,2,5,1,4,0,12,12.0,12,12.0,,12,0.0,12,12.0,12,12.0,,12,0,2,0,3,4,0,0
87,87,TQRMNOQWRHJOMLCDEGGFB00795982,2023,1,1,1,1,42,S,10,555,1,1,1970-12-15 00:00:00,52,4,1.0,1,2,0,4,1,,1,,1,,4,1,3,0,,0,0,0,0,0,0,0,0,0,0,0,1.0,0.0,40.0,0.0,2.0,0.0,2.0,2.0,2.0,1.0,8401.0,2.0,0.0,0.0,0.0,0.0,12.0,0.0,72313.0,1.0,0.0,0.0,0.0,0.0,0.0,0.0,0.0,0.0,0.0,0.0,0.0,0.0,0.0,0.0,6.0,2.0,0.0,0.0,2.0,2.0,2.0,2.0,5.0,1.0,1.0,1.0,1.0,0.0,1.0,0.0,1.0,1.0,200000.0,0.0,0.0,0.0,0.0,0.0,0.0,0.0,,0.0,0.0,,,,,,,,,,,,,,,,,,,,,,,,,,,,200000,9,10.0,10,9.0,,10,780,0,200000.0,9,9.0,10,9.0,,10,777,0,0,0,0,0,0,0,0,0,0,0,0,0,0,12,12.0,12,12.0,,12,0.0,12,12.0,12,12.0,,12,0,2023,1,1,42,S,10,555,1,,4,1,,1,2,1,1,,1,1,1,1,2,2,2,4,3,2,0,1,1,1,2,0,1,1,1,,1,,1,1,2,2,2,2,2,2,2,2,2,2,2,2,2,1,2,2,2,2,2,2,2,5,1,4,0,12,12.0,12,12.0,,12,0.0,12,12.0,12,12.0,,12,0,2,0,3,4,0,0
88,88,TQRMNOQWRHJOMLCDEGGFB00795982,2023,1,1,2,1,42,S,10,555,3,2,1994-10-21 00:00:00,28,1,2.0,1,2,0,6,1,,1,,1,,6,1,2,0,,0,0,0,0,0,0,0,0,0,0,0,2.0,2.0,48.0,0.0,2.0,0.0,2.0,2.0,3.0,2.0,4807.0,2.0,0.0,0.0,0.0,0.0,1.0,0.0,30113.0,1.0,0.0,0.0,0.0,1.0,1.0,3.0,1.0,7.0,6.0,2.0,10000.0,0.0,0.0,0.0,0.0,0.0,0.0,0.0,0.0,0.0,0.0,0.0,0.0,0.0,0.0,0.0,0.0,0.0,0.0,0.0,0.0,0.0,0.0,0.0,0.0,0.0,0.0,0.0,0.0,0.0,,0.0,0.0,,,,,,,,,,,,,,,,,,,,,,,,,,,,10000,1,1.0,1,1.0,,1,704,15000,25000.0,1,1.0,2,1.0,,2,690,0,0,0,0,0,0,0,0,0,0,0,0,0,0,12,12.0,12,12.0,,12,0.0,12,12.0,12,12.0,,12,0,2023,1,1,42,S,10,555,1,,4,1,,1,2,1,1,,1,1,1,1,2,2,2,4,3,2,0,1,1,1,2,0,1,1,1,,1,,1,1,2,2,2,2,2,2,2,2,2,2,2,2,2,1,2,2,2,2,2,2,2,5,1,4,0,12,12.0,12,12.0,,12,0.0,12,12.0,12,12.0,,12,0,2,0,3,4,0,0
89,89,TQRMNOQWRHJOMLCDEGGFB00795982,2023,1,1,3,1,42,S,10,555,3,2,1995-11-15 00:00:00,27,5,2.0,1,2,0,6,1,,1,,1,,6,1,3,0,,0,0,0,0,0,0,0,0,0,0,0,1.0,0.0,20.0,0.0,1.0,1.0,1.0,1.0,1.0,2.0,9700.0,1.0,1.0,6.0,0.0,0.0,0.0,0.0,55314.0,0.0,0.0,0.0,0.0,0.0,0.0,0.0,0.0,0.0,0.0,0.0,0.0,0.0,0.0,0.0,0.0,0.0,0.0,0.0,2.0,2.0,2.0,2.0,5.0,2.0,2.0,2.0,2.0,5.0,2.0,2.0,1.0,4.0,-9.0,0.0,0.0,0.0,0.0,0.0,0.0,0.0,,0.0,0.0,,,,,,,,,,,,,,,,,,,,,,,,,,,,-9,12,12.0,12,12.0,,12,0,0,-9.0,12,12.0,12,12.0,,12,0,0,0,0,0,0,0,0,0,0,0,0,0,0,0,12,12.0,12,12.0,,12,0.0,12,12.0,12,12.0,,12,0,2023,1,1,42,S,10,555,1,,4,1,,1,2,1,1,,1,1,1,1,2,2,2,4,3,2,0,1,1,1,2,0,1,1,1,,1,,1,1,2,2,2,2,2,2,2,2,2,2,2,2,2,1,2,2,2,2,2,2,2,5,1,4,0,12,12.0,12,12.0,,12,0.0,12,12.0,12,12.0,,12,0,2,0,3,4,0,0
90,90,TQRMNORXPHJMKQCDEOHCH00795985,2023,1,1,1,1,44,N,91,112,1,2,1997-07-26 00:00:00,25,1,1.0,1,2,0,4,2,4.0,1,,1,,3,1,3,0,,0,0,0,0,0,0,0,0,0,0,0,1.0,0.0,48.0,0.0,2.0,0.0,2.0,2.0,3.0,2.0,9700.0,1.0,1.0,0.0,3.0,0.0,0.0,0.0,55314.0,0.0,0.0,0.0,0.0,0.0,0.0,0.0,0.0,0.0,0.0,0.0,0.0,0.0,0.0,0.0,0.0,0.0,0.0,0.0,2.0,2.0,2.0,2.0,5.0,1.0,1.0,1.0,1.0,0.0,1.0,0.0,1.0,1.0,75000.0,0.0,0.0,0.0,30000.0,0.0,0.0,0.0,,0.0,0.0,,,,,,,,,,,,,,,,,,,,,,,,,,,,75000,4,5.0,3,,5.0,4,121,0,105000.0,6,7.0,5,,7.0,5,117,0,0,0,0,0,0,0,0,0,0,0,0,0,345000,9,9.0,8,,9.0,9,69000.0,5,6.0,4,,6.0,4,134,2023,1,1,44,N,91,112,2,,3,1,,9,1,1,1,,1,1,1,1,2,2,2,3,2,2,0,1,1,2,2,0,2,0,3,,1,,1,1,2,2,2,2,2,2,2,2,2,2,2,2,2,2,2,2,2,2,2,2,2,5,3,2,345000,9,9.0,8,,9.0,9,69000.0,5,6.0,4,,6.0,4,134,1,0,2,0,0,0
91,91,TQRMNORXPHJMKQCDEOHCH00795985,2023,1,1,2,1,44,N,91,112,2,1,1994-09-16 00:00:00,28,1,1.0,1,2,0,4,2,3.0,1,,1,,3,1,3,0,,0,0,0,0,0,0,0,0,0,0,0,1.0,0.0,48.0,0.0,2.0,0.0,2.0,2.0,3.0,2.0,1300.0,2.0,0.0,0.0,0.0,0.0,9.0,0.0,80313.0,1.0,0.0,0.0,0.0,0.0,0.0,0.0,0.0,0.0,0.0,0.0,0.0,0.0,0.0,0.0,5.0,2.0,0.0,0.0,2.0,2.0,2.0,2.0,5.0,1.0,1.0,1.0,1.0,0.0,1.0,0.0,1.0,1.0,160000.0,0.0,0.0,0.0,80000.0,0.0,0.0,0.0,,0.0,0.0,,,,,,,,,,,,,,,,,,,,,,,,,,,,160000,8,9.0,6,,9.0,8,125,0,240000.0,9,10.0,9,,10.0,9,119,0,0,0,0,0,0,0,0,0,0,0,0,0,345000,9,9.0,8,,9.0,9,69000.0,5,6.0,4,,6.0,4,134,2023,1,1,44,N,91,112,2,,3,1,,9,1,1,1,,1,1,1,1,2,2,2,3,2,2,0,1,1,2,2,0,2,0,3,,1,,1,1,2,2,2,2,2,2,2,2,2,2,2,2,2,2,2,2,2,2,2,2,2,5,3,2,345000,9,9.0,8,,9.0,9,69000.0,5,6.0,4,,6.0,4,134,1,0,2,0,0,0
92,92,TQRMNORXPHJMKQCDEOHCH00795985,2023,1,1,3,0,44,N,91,112,3,2,2015-02-05 00:00:00,7,5,1.0,1,1,1,2,2,2.0,1,,1,,1,4,0,3,,0,0,0,0,0,0,0,0,0,0,0,,,,,,,,,,,,,,,,,,,,,,,,,,,,,,,,,,,,,,,,,,,,,,,,,,,,,,,,,,,,,,,,,,,,,,,,,,,,,,,,,,,,,,,,,,,0,0,0.0,0,,0.0,0,112,0,0.0,0,0.0,0,,0.0,0,112,0,0,0,0,0,0,0,0,0,0,0,0,0,345000,9,9.0,8,,9.0,9,69000.0,5,6.0,4,,6.0,4,134,2023,1,1,44,N,91,112,2,,3,1,,9,1,1,1,,1,1,1,1,2,2,2,3,2,2,0,1,1,2,2,0,2,0,3,,1,,1,1,2,2,2,2,2,2,2,2,2,2,2,2,2,2,2,2,2,2,2,2,2,5,3,2,345000,9,9.0,8,,9.0,9,69000.0,5,6.0,4,,6.0,4,134,1,0,2,0,0,0
93,93,TQRMNORXPHJMKQCDEOHCH00795985,2023,1,1,4,0,44,N,91,112,3,2,2018-02-06 00:00:00,4,5,1.0,2,1,1,1,2,0.0,1,,6,,7,4,0,5,,0,0,0,0,0,0,0,0,0,0,0,,,,,,,,,,,,,,,,,,,,,,,,,,,,,,,,,,,,,,,,,,,,,,,,,,,,,,,,,,,,,,,,,,,,,,,,,,,,,,,,,,,,,,,,,,,0,0,0.0,0,,0.0,0,112,0,0.0,0,0.0,0,,0.0,0,112,0,0,0,0,0,0,0,0,0,0,0,0,0,345000,9,9.0,8,,9.0,9,69000.0,5,6.0,4,,6.0,4,134,2023,1,1,44,N,91,112,2,,3,1,,9,1,1,1,,1,1,1,1,2,2,2,3,2,2,0,1,1,2,2,0,2,0,3,,1,,1,1,2,2,2,2,2,2,2,2,2,2,2,2,2,2,2,2,2,2,2,2,2,5,3,2,345000,9,9.0,8,,9.0,9,69000.0,5,6.0,4,,6.0,4,134,1,0,2,0,0,0
94,94,TQRMNORXPHJMKQCDEOHCH00795985,2023,1,1,5,0,44,N,91,112,3,1,2021-09-16 00:00:00,1,5,1.0,3,0,0,0,0,,1,,6,,7,4,0,5,,0,0,0,0,0,0,0,0,0,0,0,,,,,,,,,,,,,,,,,,,,,,,,,,,,,,,,,,,,,,,,,,,,,,,,,,,,,,,,,,,,,,,,,,,,,,,,,,,,,,,,,,,,,,,,,,,0,0,0.0,0,,0.0,0,112,0,0.0,0,0.0,0,,0.0,0,112,0,0,0,0,0,0,0,0,0,0,0,0,0,345000,9,9.0,8,,9.0,9,69000.0,5,6.0,4,,6.0,4,134,2023,1,1,44,N,91,112,2,,3,1,,9,1,1,1,,1,1,1,1,2,2,2,3,2,2,0,1,1,2,2,0,2,0,3,,1,,1,1,2,2,2,2,2,2,2,2,2,2,2,2,2,2,2,2,2,2,2,2,2,5,3,2,345000,9,9.0,8,,9.0,9,69000.0,5,6.0,4,,6.0,4,134,1,0,2,0,0,0
95,95,TQRMNOSRRHJOKRCDEOHCH00795586,2023,1,1,1,1,44,N,91,133,1,1,1959-03-19 00:00:00,64,5,4.0,1,2,0,2,2,4.0,2,,1,,1,1,2,0,,0,0,0,0,0,0,0,0,0,0,0,1.0,0.0,30.0,0.0,2.0,0.0,2.0,2.0,2.0,2.0,4000.0,2.0,0.0,0.0,0.0,0.0,1.0,0.0,72113.0,8.0,0.0,0.0,0.0,1.0,3.0,3.0,2.0,7.0,6.0,2.0,40000.0,0.0,0.0,0.0,0.0,0.0,0.0,0.0,0.0,0.0,0.0,0.0,0.0,0.0,0.0,0.0,0.0,0.0,0.0,0.0,0.0,0.0,0.0,0.0,0.0,0.0,0.0,0.0,0.0,0.0,,0.0,0.0,,,,,,,,,,,,,,,,,,,,,,,,,,,,40000,2,3.0,1,,3.0,2,131,0,40000.0,2,2.0,1,,2.0,2,142,0,0,0,0,0,0,0,0,0,0,0,0,0,80000,2,2.0,1,,2.0,2,40000.0,3,3.0,2,,3.0,2,153,2023,1,1,44,N,91,133,1,,3,1,,2,1,1,1,,1,1,1,1,2,2,2,3,2,2,0,1,2,2,2,0,2,0,1,,1,,1,1,2,2,2,2,2,2,2,2,2,2,2,2,2,2,2,2,2,2,2,2,2,2,0,2,80000,2,2.0,1,,2.0,2,40000.0,3,3.0,2,,3.0,2,153,2,0,1,0,0,0
96,96,TQRMNOSRRHJOKRCDEOHCH00795586,2023,1,1,2,1,44,N,91,133,8,1,1967-01-04 00:00:00,56,5,4.0,1,2,0,2,2,1.0,2,,1,,1,1,2,0,,0,0,0,0,0,0,0,0,0,0,0,1.0,0.0,24.0,0.0,2.0,0.0,2.0,2.0,2.0,2.0,4807.0,2.0,0.0,0.0,0.0,0.0,1.0,0.0,30113.0,9.0,0.0,0.0,0.0,3.0,3.0,3.0,2.0,7.0,6.0,2.0,40000.0,0.0,0.0,0.0,0.0,0.0,0.0,0.0,0.0,0.0,0.0,0.0,0.0,0.0,0.0,0.0,0.0,0.0,0.0,0.0,0.0,0.0,0.0,0.0,0.0,0.0,0.0,0.0,0.0,0.0,,0.0,0.0,,,,,,,,,,,,,,,,,,,,,,,,,,,,40000,2,2.0,1,,2.0,2,137,0,40000.0,2,2.0,1,,2.0,2,144,0,0,0,0,0,0,0,0,0,0,0,0,0,80000,2,2.0,1,,2.0,2,40000.0,3,3.0,2,,3.0,2,153,2023,1,1,44,N,91,133,1,,3,1,,2,1,1,1,,1,1,1,1,2,2,2,3,2,2,0,1,2,2,2,0,2,0,1,,1,,1,1,2,2,2,2,2,2,2,2,2,2,2,2,2,2,2,2,2,2,2,2,2,2,0,2,80000,2,2.0,1,,2.0,2,40000.0,3,3.0,2,,3.0,2,153,2,0,1,0,0,0
97,97,TQRMNOSQPHMOKUCDEOHCH00803174,2023,1,1,1,1,44,N,91,150,1,1,1978-06-23 00:00:00,44,5,1.0,1,2,0,4,2,4.0,1,,1,,3,1,3,0,,0,0,0,0,0,0,0,0,0,0,0,1.0,0.0,48.0,0.0,2.0,0.0,2.0,2.0,3.0,2.0,8200.0,2.0,0.0,0.0,0.0,0.0,11.0,0.0,34323.0,4.0,0.0,0.0,0.0,0.0,0.0,0.0,0.0,0.0,0.0,0.0,0.0,0.0,0.0,0.0,6.0,2.0,0.0,0.0,2.0,2.0,2.0,2.0,5.0,1.0,1.0,1.0,1.0,0.0,1.0,0.0,1.0,1.0,180000.0,0.0,0.0,0.0,90000.0,0.0,0.0,0.0,,0.0,0.0,,,,,,,,,,,,,,,,,,,,,,,,,,,,180000,9,9.0,7,,9.0,8,155,0,270000.0,10,10.0,9,,10.0,10,151,0,0,0,0,0,0,0,0,0,0,0,0,0,270000,8,8.0,7,,8.0,8,270000.0,10,10.0,10,,10.0,10,154,2023,1,1,44,N,91,150,2,,3,1,,2,1,1,1,,1,1,1,1,2,2,2,3,1,2,0,1,1,2,2,0,2,0,6,,1,,1,1,2,2,2,2,2,2,2,2,2,2,2,2,2,2,2,2,2,2,2,2,2,1,0,1,270000,8,8.0,7,,8.0,8,270000.0,10,10.0,10,,10.0,10,154,1,0,98,0,0,0
98,98,TQRMNOSQVHMOKUCDEOHCH00803175,2023,1,1,1,1,44,N,91,157,1,2,1997-07-22 00:00:00,25,1,1.0,1,2,0,4,1,,1,,1,,4,3,0,4,,0,0,0,0,0,0,0,0,0,2,2,,,,,,,,,,,,,,,,,,,,,,,,,,,,,,,,,,,,,,,,,,,,,,,,,,,,,,,,,,,,,,,,,,,,,,,,,,,,,,,,,,,,,,,,,,,0,0,0.0,0,,0.0,0,157,0,80000.0,5,5.0,3,,5.0,4,154,0,0,0,0,0,0,0,0,80000,0,0,0,80000,80000,2,2.0,1,,2.0,2,80000.0,6,6.0,5,,7.0,5,143,2023,1,1,44,N,91,157,2,,3,1,,2,1,1,1,,1,1,1,1,2,2,2,3,1,2,0,1,1,2,2,0,2,0,3,,1,,1,2,2,2,2,2,2,2,2,2,2,2,2,2,1,2,2,2,2,2,2,2,2,1,0,1,80000,2,2.0,1,,2.0,2,80000.0,6,6.0,5,,7.0,5,143,1,0,98,0,0,0
99,99,TQRMNOPUQHKNKRCDEOHCH00781475,2023,1,1,1,1,44,N,91,142,1,1,1969-04-14 00:00:00,53,3,1.0,1,2,0,4,2,1.0,1,,1,,3,1,3,0,,0,0,0,0,0,0,0,0,0,0,0,1.0,0.0,48.0,0.0,2.0,0.0,2.0,2.0,3.0,2.0,4000.0,2.0,0.0,0.0,0.0,0.0,10.0,0.0,72313.0,5.0,0.0,0.0,0.0,0.0,0.0,0.0,0.0,0.0,0.0,0.0,0.0,0.0,0.0,0.0,6.0,2.0,0.0,0.0,2.0,2.0,2.0,2.0,5.0,1.0,1.0,1.0,1.0,0.0,1.0,0.0,1.0,1.0,136000.0,0.0,0.0,0.0,68000.0,0.0,0.0,0.0,,0.0,0.0,,,,,,,,,,,,,,,,,,,,,,,,,,,,136000,7,8.0,5,,8.0,7,148,0,204000.0,9,9.0,8,,9.0,9,146,0,0,0,0,0,0,0,0,0,0,0,0,0,204000,6,7.0,5,,7.0,6,204000.0,10,10.0,9,,10.0,10,152,2023,1,1,44,N,91,142,1,,3,1,,2,1,1,1,,1,1,1,1,2,2,2,3,1,2,0,1,2,2,2,0,2,0,8,,1,,1,1,2,2,2,2,2,2,2,2,2,2,2,2,2,2,2,2,2,2,2,2,2,1,0,1,204000,6,7.0,5,,7.0,6,204000.0,10,10.0,9,,10.0,10,152,1,0,98,0,0,0
100,100,TQRMNOUSVHLOKRCDEOHCH00720261,2023,1,1,1,1,44,N,91,308,1,1,1995-07-09 00:00:00,27,5,2.0,1,2,0,2,1,,3,6.0,1,,2,3,0,1,,0,0,0,0,0,0,0,0,0,2,2,,,,,,,,,,,,,,,,,,,,,,,,,,,,,,,,,,,,,,,,,,,,,,,,,,,,,,,,,,,,,,,,,,,,,,,,,,,,,,,,,,,,,,,,,,,0,0,0.0,0,,0.0,0,308,0,25000.0,1,1.0,1,,1.0,1,301,25000,0,0,0,0,0,0,0,0,0,0,0,25000,25000,1,1.0,1,,1.0,1,25000.0,1,1.0,1,,1.0,1,283,2023,1,1,44,N,91,308,1,,2,1,,2,1,1,1,,1,1,1,1,2,2,2,2,1,2,0,1,2,2,2,0,2,0,1,,1,,1,2,1,2,2,2,2,2,2,2,2,2,2,2,2,2,2,2,2,2,2,2,2,1,0,1,25000,1,1.0,1,,1.0,1,25000.0,1,1.0,1,,1.0,1,283,97,0,98,0,0,0
101,101,TQRMNOXUSHLOKRCDEOHCH00720262,2023,1,1,1,1,44,N,91,284,1,1,1989-05-04 00:00:00,33,1,4.0,1,2,0,3,2,8.0,1,,1,,3,1,3,0,,0,0,0,0,0,0,0,0,0,0,0,1.0,0.0,40.0,0.0,2.0,0.0,2.0,2.0,2.0,2.0,4000.0,2.0,0.0,0.0,0.0,0.0,3.0,0.0,72313.0,8.0,0.0,0.0,0.0,0.0,0.0,0.0,0.0,0.0,0.0,0.0,0.0,0.0,0.0,0.0,6.0,1.0,9.0,4.0,2.0,2.0,2.0,2.0,5.0,2.0,2.0,2.0,2.0,5.0,2.0,2.0,1.0,4.0,60000.0,0.0,0.0,0.0,0.0,0.0,0.0,0.0,,0.0,0.0,,,,,,,,,,,,,,,,,,,,,,,,,,,,60000,4,4.0,2,,4.0,3,282,0,60000.0,3,3.0,2,,4.0,2,285,0,0,0,0,0,0,0,0,0,0,0,0,0,106000,3,3.0,2,,3.0,2,26500.0,2,2.0,1,,2.0,1,282,2023,1,1,44,N,91,284,1,,2,2,,4,1,1,1,,1,1,1,1,2,2,2,2,1,2,0,1,2,2,2,0,2,0,1,,2,,1,1,2,2,2,2,2,1,2,2,2,2,2,2,2,2,2,2,2,2,2,2,2,4,1,3,106000,3,3.0,2,,3.0,2,26500.0,2,2.0,1,,2.0,1,282,2,0,98,0,0,0
102,102,TQRMNOXUSHLOKRCDEOHCH00720262,2023,1,1,2,1,44,N,91,284,2,2,1991-05-02 00:00:00,31,1,2.0,1,2,0,5,1,,1,,1,,4,1,3,0,,0,0,0,0,0,0,0,0,0,0,0,1.0,0.0,20.0,0.0,2.0,0.0,2.0,2.0,2.0,1.0,8401.0,2.0,0.0,0.0,0.0,0.0,12.0,0.0,20313.0,9.0,0.0,0.0,0.0,0.0,0.0,0.0,0.0,0.0,0.0,0.0,0.0,0.0,0.0,0.0,6.0,1.0,9.0,1.0,2.0,2.0,2.0,2.0,5.0,2.0,2.0,2.0,2.0,5.0,2.0,2.0,1.0,4.0,20000.0,0.0,0.0,0.0,0.0,0.0,0.0,0.0,,0.0,0.0,,,,,,,,,,,,,,,,,,,,,,,,,,,,20000,1,1.0,1,,1.0,1,298,0,46000.0,2,2.0,1,,3.0,2,291,0,0,0,26000,0,0,0,0,0,0,0,0,26000,106000,3,3.0,2,,3.0,2,26500.0,2,2.0,1,,2.0,1,282,2023,1,1,44,N,91,284,1,,2,2,,4,1,1,1,,1,1,1,1,2,2,2,2,1,2,0,1,2,2,2,0,2,0,1,,2,,1,1,2,2,2,2,2,1,2,2,2,2,2,2,2,2,2,2,2,2,2,2,2,4,1,3,106000,3,3.0,2,,3.0,2,26500.0,2,2.0,1,,2.0,1,282,2,0,98,0,0,0
103,103,TQRMNOXUSHLOKRCDEOHCH00720262,2023,1,1,3,0,44,N,91,284,3,2,2019-12-20 00:00:00,3,5,3.0,2,3,0,0,0,,1,,6,,7,4,0,5,,0,0,0,0,0,0,0,0,0,0,0,,,,,,,,,,,,,,,,,,,,,,,,,,,,,,,,,,,,,,,,,,,,,,,,,,,,,,,,,,,,,,,,,,,,,,,,,,,,,,,,,,,,,,,,,,,0,0,0.0,0,,0.0,0,284,0,0.0,0,0.0,0,,0.0,0,284,0,0,0,0,0,0,0,0,0,0,0,0,0,106000,3,3.0,2,,3.0,2,26500.0,2,2.0,1,,2.0,1,282,2023,1,1,44,N,91,284,1,,2,2,,4,1,1,1,,1,1,1,1,2,2,2,2,1,2,0,1,2,2,2,0,2,0,1,,2,,1,1,2,2,2,2,2,1,2,2,2,2,2,2,2,2,2,2,2,2,2,2,2,4,1,3,106000,3,3.0,2,,3.0,2,26500.0,2,2.0,1,,2.0,1,282,2,0,98,0,0,0
104,104,TQRMNOXUSHLOKRCDEOHCH00720262,2023,1,1,4,1,44,N,91,284,3,2,2012-12-11 00:00:00,10,5,3.0,1,1,1,2,2,4.0,1,,1,,1,3,0,3,,0,0,0,0,0,0,0,0,0,2,2,,,,,,,,,,,,,,,,,,,,,,,,,,,,,,,,,,,,,,,,,,,,,,,,,,,,,,,,,,,,,,,,,,,,,,,,,,,,,,,,,,,,,,,,,,,0,0,0.0,0,,0.0,0,284,0,0.0,0,0.0,0,,0.0,0,284,0,0,0,0,0,0,0,0,0,0,0,0,0,106000,3,3.0,2,,3.0,2,26500.0,2,2.0,1,,2.0,1,282,2023,1,1,44,N,91,284,1,,2,2,,4,1,1,1,,1,1,1,1,2,2,2,2,1,2,0,1,2,2,2,0,2,0,1,,2,,1,1,2,2,2,2,2,1,2,2,2,2,2,2,2,2,2,2,2,2,2,2,2,4,1,3,106000,3,3.0,2,,3.0,2,26500.0,2,2.0,1,,2.0,1,282,2,0,98,0,0,0
105,105,TQRMNOUVVHLOKSCDEOHCH00720263,2023,1,1,1,1,44,N,91,210,1,1,1975-12-30 00:00:00,47,5,1.0,1,2,0,4,1,,4,202.0,1,,4,1,3,0,,0,0,0,0,0,0,0,0,0,0,0,1.0,0.0,40.0,0.0,2.0,0.0,2.0,2.0,2.0,1.0,4000.0,2.0,0.0,0.0,0.0,0.0,7.0,0.0,72313.0,1.0,0.0,0.0,0.0,0.0,0.0,0.0,0.0,0.0,0.0,0.0,0.0,0.0,0.0,0.0,1.0,2.0,0.0,0.0,2.0,2.0,2.0,2.0,5.0,1.0,1.0,1.0,1.0,0.0,1.0,0.0,1.0,1.0,0.0,0.0,0.0,0.0,0.0,0.0,0.0,0.0,,0.0,0.0,,,,,,,,,,,,,,,,,,,,,,,,,,,,0,0,0.0,0,,0.0,0,210,0,0.0,0,0.0,0,,0.0,0,210,0,0,0,0,0,0,0,0,0,0,0,0,0,0,0,0.0,0,,0.0,0,0.0,0,0.0,0,,0.0,0,214,2023,1,1,44,N,91,210,1,,1,1,,2,1,1,1,,1,1,2,3,1,2,2,1,1,2,0,1,2,2,2,0,2,0,1,,1,,1,1,2,2,2,2,2,2,2,2,2,2,2,2,2,2,2,2,1,2,2,2,2,1,0,1,0,0,0.0,0,,0.0,0,0.0,0,0.0,0,,0.0,0,214,1,0,98,0,0,0
106,106,TQRMNOSTQHKMKSCDEIOAH00781333,2023,1,1,1,1,43,N,38,54,1,1,1990-03-24 00:00:00,32,2,1.0,1,2,0,4,1,,1,,1,,4,1,3,0,,0,0,0,0,0,0,0,0,0,0,0,1.0,0.0,40.0,0.0,2.0,0.0,2.0,2.0,2.0,2.0,2400.0,2.0,0.0,0.0,0.0,0.0,12.0,0.0,47313.0,1.0,0.0,0.0,0.0,0.0,0.0,0.0,0.0,0.0,0.0,0.0,0.0,0.0,0.0,0.0,6.0,2.0,0.0,0.0,2.0,2.0,2.0,2.0,5.0,1.0,1.0,1.0,1.0,0.0,1.0,0.0,3.0,1.0,130000.0,0.0,0.0,0.0,0.0,0.0,0.0,0.0,,0.0,0.0,,,,,,,,,,,,,,,,,,,,,,,,,,,,130000,7,8.0,7,,8.0,6,62,0,130000.0,7,8.0,7,,8.0,7,64,0,0,0,0,0,0,0,0,0,0,0,0,0,170000,5,6.0,5,,6.0,6,28333.33,2,2.0,1,,2.0,2,63,2023,1,1,43,N,38,54,1,,3,1,,4,1,1,1,,1,1,1,1,2,2,2,3,2,2,0,1,1,1,2,0,2,0,3,,2,,1,1,2,2,2,2,2,2,2,2,2,2,2,2,2,2,2,2,1,2,2,2,2,6,2,4,170000,5,6.0,5,,6.0,6,28333.33,2,2.0,1,,2.0,2,63,1,2,4,0,0,0
107,107,TQRMNOSTQHKMKSCDEIOAH00781333,2023,1,1,2,1,43,N,38,54,2,2,1990-04-18 00:00:00,32,2,1.0,1,2,0,4,2,1.0,1,,1,,3,1,2,0,,0,0,0,0,0,0,0,0,0,0,0,1.0,0.0,48.0,0.0,2.0,0.0,2.0,2.0,3.0,2.0,9602.0,2.0,0.0,0.0,0.0,0.0,1.0,0.0,57113.0,6.0,0.0,0.0,0.0,1.0,3.0,3.0,1.0,7.0,5.0,2.0,40000.0,0.0,0.0,0.0,0.0,0.0,0.0,0.0,0.0,0.0,0.0,0.0,0.0,0.0,0.0,0.0,0.0,0.0,0.0,0.0,0.0,0.0,0.0,0.0,0.0,0.0,0.0,0.0,0.0,0.0,,0.0,0.0,,,,,,,,,,,,,,,,,,,,,,,,,,,,40000,2,3.0,2,,3.0,2,75,0,40000.0,2,2.0,2,,2.0,2,71,0,0,0,0,0,0,0,0,0,0,0,0,0,170000,5,6.0,5,,6.0,6,28333.33,2,2.0,1,,2.0,2,63,2023,1,1,43,N,38,54,1,,3,1,,4,1,1,1,,1,1,1,1,2,2,2,3,2,2,0,1,1,1,2,0,2,0,3,,2,,1,1,2,2,2,2,2,2,2,2,2,2,2,2,2,2,2,2,1,2,2,2,2,6,2,4,170000,5,6.0,5,,6.0,6,28333.33,2,2.0,1,,2.0,2,63,1,2,4,0,0,0
108,108,TQRMNOSTQHKMKSCDEIOAH00781333,2023,1,1,3,1,43,N,38,54,3,1,2012-10-10 00:00:00,10,5,1.0,1,1,1,2,2,5.0,1,,1,,1,3,0,3,,0,0,0,0,0,0,0,0,0,2,2,,,,,,,,,,,,,,,,,,,,,,,,,,,,,,,,,,,,,,,,,,,,,,,,,,,,,,,,,,,,,,,,,,,,,,,,,,,,,,,,,,,,,,,,,,,0,0,0.0,0,,0.0,0,54,0,0.0,0,0.0,0,,0.0,0,54,0,0,0,0,0,0,0,0,0,0,0,0,0,170000,5,6.0,5,,6.0,6,28333.33,2,2.0,1,,2.0,2,63,2023,1,1,43,N,38,54,1,,3,1,,4,1,1,1,,1,1,1,1,2,2,2,3,2,2,0,1,1,1,2,0,2,0,3,,2,,1,1,2,2,2,2,2,2,2,2,2,2,2,2,2,2,2,2,1,2,2,2,2,6,2,4,170000,5,6.0,5,,6.0,6,28333.33,2,2.0,1,,2.0,2,63,1,2,4,0,0,0
109,109,TQRMNOSTQHKMKSCDEIOAH00781333,2023,1,1,4,1,43,N,38,54,3,2,2010-06-08 00:00:00,12,5,1.0,1,1,1,4,2,0.0,1,,1,,3,3,0,3,,0,0,0,0,0,0,0,0,0,2,2,,,,,,,,,,,,,,,,,,,,,,,,,,,,,,,,,,,,,,,,,,,,,,,,,,,,,,,,,,,,,,,,,,,,,,,,,,,,,,,,,,,,,,,,,,,0,0,0.0,0,,0.0,0,54,0,0.0,0,0.0,0,,0.0,0,54,0,0,0,0,0,0,0,0,0,0,0,0,0,170000,5,6.0,5,,6.0,6,28333.33,2,2.0,1,,2.0,2,63,2023,1,1,43,N,38,54,1,,3,1,,4,1,1,1,,1,1,1,1,2,2,2,3,2,2,0,1,1,1,2,0,2,0,3,,2,,1,1,2,2,2,2,2,2,2,2,2,2,2,2,2,2,2,2,1,2,2,2,2,6,2,4,170000,5,6.0,5,,6.0,6,28333.33,2,2.0,1,,2.0,2,63,1,2,4,0,0,0
110,110,TQRMNOSTQHKMKSCDEIOAH00781333,2023,1,1,5,0,43,N,38,54,3,1,2015-02-06 00:00:00,8,5,1.0,1,1,1,2,2,2.0,1,,1,,1,4,0,3,,0,0,0,0,0,0,0,0,0,0,0,,,,,,,,,,,,,,,,,,,,,,,,,,,,,,,,,,,,,,,,,,,,,,,,,,,,,,,,,,,,,,,,,,,,,,,,,,,,,,,,,,,,,,,,,,,0,0,0.0,0,,0.0,0,54,0,0.0,0,0.0,0,,0.0,0,54,0,0,0,0,0,0,0,0,0,0,0,0,0,170000,5,6.0,5,,6.0,6,28333.33,2,2.0,1,,2.0,2,63,2023,1,1,43,N,38,54,1,,3,1,,4,1,1,1,,1,1,1,1,2,2,2,3,2,2,0,1,1,1,2,0,2,0,3,,2,,1,1,2,2,2,2,2,2,2,2,2,2,2,2,2,2,2,2,1,2,2,2,2,6,2,4,170000,5,6.0,5,,6.0,6,28333.33,2,2.0,1,,2.0,2,63,1,2,4,0,0,0
111,111,TQRMNOSTQHKMKSCDEIOAH00781333,2023,1,1,6,0,43,N,38,54,3,2,2022-10-02 00:00:00,-1,5,1.0,3,0,0,0,0,,1,,6,,7,4,0,5,,0,0,0,0,0,0,0,0,0,0,0,,,,,,,,,,,,,,,,,,,,,,,,,,,,,,,,,,,,,,,,,,,,,,,,,,,,,,,,,,,,,,,,,,,,,,,,,,,,,,,,,,,,,,,,,,,0,0,0.0,0,,0.0,0,54,0,0.0,0,0.0,0,,0.0,0,54,0,0,0,0,0,0,0,0,0,0,0,0,0,170000,5,6.0,5,,6.0,6,28333.33,2,2.0,1,,2.0,2,63,2023,1,1,43,N,38,54,1,,3,1,,4,1,1,1,,1,1,1,1,2,2,2,3,2,2,0,1,1,1,2,0,2,0,3,,2,,1,1,2,2,2,2,2,2,2,2,2,2,2,2,2,2,2,2,1,2,2,2,2,6,2,4,170000,5,6.0,5,,6.0,6,28333.33,2,2.0,1,,2.0,2,63,1,2,4,0,0,0
112,112,TQRMNOQSSHJOKMCDEGOIH00797167,2023,1,1,1,1,40,N,18,121,1,2,1973-10-11 00:00:00,49,5,4.0,1,2,0,6,2,3.0,1,,1,,5,1,2,0,,0,0,0,0,0,0,0,0,0,0,0,1.0,0.0,30.0,0.0,1.0,1.0,1.0,1.0,1.0,2.0,1400.0,2.0,0.0,0.0,0.0,0.0,1.0,0.0,80123.0,6.0,0.0,0.0,0.0,1.0,3.0,1.0,1.0,7.0,6.0,2.0,80000.0,0.0,0.0,0.0,0.0,0.0,0.0,0.0,0.0,0.0,0.0,0.0,0.0,0.0,0.0,0.0,0.0,0.0,0.0,0.0,0.0,0.0,0.0,0.0,0.0,0.0,0.0,0.0,0.0,0.0,,0.0,0.0,,,,,,,,,,,,,,,,,,,,,,,,,,,,80000,5,5.0,6,,5.0,7,131,0,98000.0,6,6.0,7,,6.0,8,125,0,0,0,8000,0,0,0,0,10000,0,0,0,18000,98000,3,3.0,3,,3.0,3,24500.0,1,1.0,2,,1.0,2,122,2023,1,1,40,N,18,121,1,,2,1,,1,1,1,1,,1,1,1,1,2,2,2,3,2,2,0,1,1,1,2,0,2,0,1,,2,,1,1,2,2,2,2,2,1,2,1,2,2,2,2,1,2,2,2,1,1,2,2,2,4,0,4,98000,3,3.0,3,,3.0,3,24500.0,1,1.0,2,,1.0,2,122,1,0,2,3,0,0
113,113,TQRMNOQSSHJOKMCDEGOIH00797167,2023,1,1,2,1,40,N,18,121,3,2,1998-04-30 00:00:00,24,5,4.0,1,1,1,7,2,1.0,1,,1,,5,3,0,3,,0,0,0,0,0,0,0,0,0,2,2,,,,,,,,,,,,,,,,,,,,,,,,,,,,,,,,,,,,,,,,,,,,,,,,,,,,,,,,,,,,,,,,,,,,,,,,,,,,,,,,,,,,,,,,,,,0,0,0.0,0,,0.0,0,121,0,0.0,0,0.0,0,,0.0,0,121,0,0,0,0,0,0,0,0,0,0,0,0,0,98000,3,3.0,3,,3.0,3,24500.0,1,1.0,2,,1.0,2,122,2023,1,1,40,N,18,121,1,,2,1,,1,1,1,1,,1,1,1,1,2,2,2,3,2,2,0,1,1,1,2,0,2,0,1,,2,,1,1,2,2,2,2,2,1,2,1,2,2,2,2,1,2,2,2,1,1,2,2,2,4,0,4,98000,3,3.0,3,,3.0,3,24500.0,1,1.0,2,,1.0,2,122,1,0,2,3,0,0
114,114,TQRMNOQSSHJOKMCDEGOIH00797167,2023,1,1,3,1,40,N,18,121,3,2,2000-02-19 00:00:00,23,5,4.0,1,1,1,6,2,2.0,1,,1,,5,3,0,3,,0,0,0,0,0,0,0,0,0,2,2,,,,,,,,,,,,,,,,,,,,,,,,,,,,,,,,,,,,,,,,,,,,,,,,,,,,,,,,,,,,,,,,,,,,,,,,,,,,,,,,,,,,,,,,,,,0,0,0.0,0,,0.0,0,121,0,0.0,0,0.0,0,,0.0,0,121,0,0,0,0,0,0,0,0,0,0,0,0,0,98000,3,3.0,3,,3.0,3,24500.0,1,1.0,2,,1.0,2,122,2023,1,1,40,N,18,121,1,,2,1,,1,1,1,1,,1,1,1,1,2,2,2,3,2,2,0,1,1,1,2,0,2,0,1,,2,,1,1,2,2,2,2,2,1,2,1,2,2,2,2,1,2,2,2,1,1,2,2,2,4,0,4,98000,3,3.0,3,,3.0,3,24500.0,1,1.0,2,,1.0,2,122,1,0,2,3,0,0
115,115,TQRMNOQSSHJOKMCDEGOIH00797167,2023,1,1,4,1,40,N,18,121,3,1,2009-07-26 00:00:00,13,5,1.0,1,1,1,4,2,0.0,1,,1,,3,3,0,3,,0,0,0,0,0,0,0,0,0,2,2,,,,,,,,,,,,,,,,,,,,,,,,,,,,,,,,,,,,,,,,,,,,,,,,,,,,,,,,,,,,,,,,,,,,,,,,,,,,,,,,,,,,,,,,,,,0,0,0.0,0,,0.0,0,121,0,0.0,0,0.0,0,,0.0,0,121,0,0,0,0,0,0,0,0,0,0,0,0,0,98000,3,3.0,3,,3.0,3,24500.0,1,1.0,2,,1.0,2,122,2023,1,1,40,N,18,121,1,,2,1,,1,1,1,1,,1,1,1,1,2,2,2,3,2,2,0,1,1,1,2,0,2,0,1,,2,,1,1,2,2,2,2,2,1,2,1,2,2,2,2,1,2,2,2,1,1,2,2,2,4,0,4,98000,3,3.0,3,,3.0,3,24500.0,1,1.0,2,,1.0,2,122,1,0,2,3,0,0
116,116,TQRMNOQSVHJOKMCDEGOIH00797168,2023,1,1,1,1,40,N,18,223,1,2,1965-01-15 00:00:00,58,3,1.0,1,2,0,4,1,,3,90.0,1,,4,3,0,1,,0,0,0,0,0,0,0,0,0,2,2,,,,,,,,,,,,,,,,,,,,,,,,,,,,,,,,,,,,,,,,,,,,,,,,,,,,,,,,,,,,,,,,,,,,,,,,,,,,,,,,,,,,,,,,,,,0,0,0.0,0,,0.0,0,223,0,38000.0,2,2.0,2,,2.0,2,225,30000,0,0,8000,0,0,0,0,0,0,0,0,38000,38000,1,1.0,1,,1.0,1,38000.0,3,3.0,4,,3.0,4,230,2023,1,1,40,N,18,223,1,,3,1,,1,1,1,1,,1,1,1,1,2,2,2,3,1,2,0,1,1,2,2,0,2,0,1,,2,,1,2,1,2,2,2,2,1,2,1,2,2,2,2,2,2,2,2,1,2,2,2,2,1,0,1,38000,1,1.0,1,,1.0,1,38000.0,3,3.0,4,,3.0,4,230,1,0,97,0,0,0
117,117,TQRMNORUYHLMSMCDEIJAH00719364,2023,1,1,1,1,1,S,33,1545,1,2,1957-10-17 00:00:00,65,1,1.0,1,2,0,2,1,,3,86.0,1,,2,3,0,1,,0,0,0,0,0,0,0,0,0,2,2,,,,,,,,,,,,,,,,,,,,,,,,,,,,,,,,,,,,,,,,,,,,,,,,,,,,,,,,,,,,,,,,,,,,,,,,,,,,,,,,,,,,,,,,,,,0,0,,0,0.0,,0,1545,0,60000.0,4,,4,4.0,,4,1690,60000,0,0,0,0,0,0,0,0,0,0,0,60000,135000,4,,4,4.0,,4,67500.0,5,,5,5.0,,6,2540,2023,1,1,1,S,33,1545,1,,3,1,,4,1,1,2,,1,1,1,1,2,2,2,3,1,2,0,1,1,1,2,0,2,0,1,,1,,1,1,1,2,2,2,2,2,2,2,2,2,2,2,2,1,2,2,2,2,2,2,2,2,0,2,135000,4,,4,4.0,,4,67500.0,5,,5,5.0,,6,2540,1,0,2,0,0,0
118,118,TQRMNORUYHLMSMCDEIJAH00719364,2023,1,1,2,1,1,S,33,1545,2,1,1952-04-07 00:00:00,70,1,1.0,1,2,0,2,1,,1,,1,,2,1,2,0,,0,0,0,0,0,0,0,0,0,0,0,1.0,0.0,6.0,0.0,1.0,1.0,2.0,2.0,1.0,2.0,4903.0,2.0,0.0,0.0,0.0,0.0,1.0,0.0,34123.0,4.0,0.0,0.0,0.0,3.0,3.0,1.0,1.0,7.0,4.0,2.0,10000.0,0.0,0.0,0.0,0.0,0.0,0.0,0.0,0.0,0.0,0.0,0.0,0.0,0.0,0.0,0.0,0.0,0.0,0.0,0.0,0.0,0.0,0.0,0.0,0.0,0.0,0.0,0.0,0.0,2.0,,0.0,0.0,,,,,,,,,,,,,,,,,,,,,,,,,,,,10000,1,,1,1.0,,1,3074,0,75000.0,5,,4,4.0,,5,2910,65000,0,0,0,0,0,0,0,0,0,0,0,65000,135000,4,,4,4.0,,4,67500.0,5,,5,5.0,,6,2540,2023,1,1,1,S,33,1545,1,,3,1,,4,1,1,2,,1,1,1,1,2,2,2,3,1,2,0,1,1,1,2,0,2,0,1,,1,,1,1,1,2,2,2,2,2,2,2,2,2,2,2,2,1,2,2,2,2,2,2,2,2,0,2,135000,4,,4,4.0,,4,67500.0,5,,5,5.0,,6,2540,1,0,2,0,0,0
119,119,TQRMNOSRQHJNSOCDEIJAH00802640,2023,1,1,1,1,1,S,33,8423,1,1,1986-09-26 00:00:00,36,1,4.0,1,2,0,4,1,,1,,1,,4,1,2,0,,0,0,0,0,0,0,0,0,0,0,0,1.0,0.0,45.0,0.0,2.0,0.0,2.0,2.0,2.0,2.0,4807.0,2.0,0.0,0.0,0.0,0.0,2.0,0.0,30133.0,6.0,0.0,0.0,0.0,1.0,3.0,3.0,1.0,7.0,6.0,1.0,0.0,40000.0,3.0,1.0,0.0,0.0,0.0,0.0,0.0,0.0,0.0,0.0,0.0,0.0,0.0,0.0,0.0,0.0,0.0,0.0,0.0,0.0,0.0,0.0,0.0,0.0,0.0,0.0,0.0,2.0,,0.0,0.0,,,,,,,,,,,,,,,,,,,,,,,,,,,,40000,2,,2,2.0,,2,14906,0,40000.0,2,,2,2.0,,2,14856,0,0,0,0,0,0,0,0,0,0,0,0,0,70000,2,,1,1.0,,2,23333.33,1,,1,1.0,,1,14082,2023,1,1,1,S,33,8423,1,,3,1,,2,1,1,2,,1,1,1,3,2,2,2,3,2,2,0,1,1,1,2,0,2,0,3,,2,,1,1,2,2,2,2,2,2,2,2,2,2,2,2,2,2,2,2,1,2,2,2,2,3,1,2,70000,2,,1,1.0,,2,23333.33,1,,1,1.0,,1,14082,2,1,98,0,0,0
120,120,TQRMNOSRQHJNSOCDEIJAH00802640,2023,1,1,2,1,1,S,33,8423,2,2,1994-05-02 00:00:00,28,1,4.0,1,2,0,4,1,,1,,1,,4,1,2,0,,0,0,0,0,0,0,0,0,0,0,0,1.0,0.0,20.0,0.0,2.0,0.0,2.0,2.0,2.0,2.0,4811.0,2.0,0.0,0.0,0.0,0.0,2.0,0.0,30133.0,6.0,0.0,0.0,0.0,1.0,3.0,3.0,1.0,7.0,6.0,1.0,0.0,30000.0,3.0,1.0,0.0,0.0,0.0,0.0,0.0,0.0,0.0,0.0,0.0,0.0,0.0,0.0,0.0,0.0,0.0,0.0,0.0,0.0,0.0,0.0,0.0,0.0,0.0,0.0,0.0,3.0,,0.0,0.0,,,,,,,,,,,,,,,,,,,,,,,,,,,,30000,2,,2,2.0,,2,15878,0,30000.0,2,,2,2.0,,2,15231,0,0,0,0,0,0,0,0,0,0,0,0,0,70000,2,,1,1.0,,2,23333.33,1,,1,1.0,,1,14082,2023,1,1,1,S,33,8423,1,,3,1,,2,1,1,2,,1,1,1,3,2,2,2,3,2,2,0,1,1,1,2,0,2,0,3,,2,,1,1,2,2,2,2,2,2,2,2,2,2,2,2,2,2,2,2,1,2,2,2,2,3,1,2,70000,2,,1,1.0,,2,23333.33,1,,1,1.0,,1,14082,2,1,98,0,0,0
121,121,TQRMNOSRQHJNSOCDEIJAH00802640,2023,1,1,3,0,1,S,33,8423,3,2,2014-03-20 00:00:00,9,5,4.0,1,1,1,2,2,2.0,1,,1,,1,4,0,3,,0,0,0,0,0,0,0,0,0,0,0,,,,,,,,,,,,,,,,,,,,,,,,,,,,,,,,,,,,,,,,,,,,,,,,,,,,,,,,,,,,,,,,,,,,,,,,,,,,,,,,,,,,,,,,,,,0,0,,0,0.0,,0,8423,0,0.0,0,,0,0.0,,0,8423,0,0,0,0,0,0,0,0,0,0,0,0,0,70000,2,,1,1.0,,2,23333.33,1,,1,1.0,,1,14082,2023,1,1,1,S,33,8423,1,,3,1,,2,1,1,2,,1,1,1,3,2,2,2,3,2,2,0,1,1,1,2,0,2,0,3,,2,,1,1,2,2,2,2,2,2,2,2,2,2,2,2,2,2,2,2,1,2,2,2,2,3,1,2,70000,2,,1,1.0,,2,23333.33,1,,1,1.0,,1,14082,2,1,98,0,0,0
122,122,TQRMNOSWQHJLQRCDEIJAH00796254,2023,1,1,1,1,1,S,33,2356,1,1,1900-01-01 00:00:00,59,5,1.0,1,2,0,6,2,99.0,1,,1,,5,1,3,0,,0,0,0,0,0,0,0,0,0,0,0,1.0,0.0,40.0,0.0,2.0,0.0,2.0,2.0,2.0,2.0,4805.0,2.0,0.0,0.0,0.0,0.0,99.0,1.0,30333.0,1.0,0.0,0.0,0.0,0.0,0.0,0.0,0.0,0.0,0.0,0.0,0.0,0.0,0.0,0.0,5.0,2.0,0.0,0.0,2.0,2.0,2.0,2.0,5.0,1.0,1.0,1.0,1.0,0.0,1.0,0.0,1.0,1.0,120000.0,0.0,0.0,0.0,60000.0,0.0,0.0,2.0,,0.0,0.0,,,,,,,,,,,,,,,,,,,,,,,,,,,,120000,7,,6,7.0,,7,3311,0,180000.0,8,,8,8.0,,9,3608,0,0,0,0,0,0,0,0,0,0,0,0,0,360000,9,,9,9.0,,9,180000.0,9,,9,9.0,,10,4090,2023,1,1,1,S,33,2356,1,,2,1,,4,1,1,1,,1,1,1,1,1,2,2,2,2,2,0,1,2,2,2,0,2,0,6,,1,,1,1,2,2,2,2,2,2,2,2,2,2,2,2,2,2,2,2,2,2,2,2,2,2,0,2,360000,9,,9,9.0,,9,180000.0,9,,9,9.0,,10,4090,1,0,98,0,0,0
123,123,TQRMNOSWQHJLQRCDEIJAH00796254,2023,1,1,2,1,1,S,33,2356,8,1,1900-01-01 00:00:00,55,5,1.0,1,2,0,6,2,3.0,1,,1,,5,1,3,0,,0,0,0,0,0,0,0,0,0,0,0,2.0,2.0,0.0,18.0,2.0,0.0,2.0,2.0,2.0,2.0,8501.0,2.0,0.0,0.0,0.0,0.0,8.0,0.0,41332.0,1.0,0.0,0.0,0.0,0.0,0.0,0.0,0.0,0.0,0.0,0.0,0.0,0.0,0.0,0.0,6.0,2.0,0.0,0.0,2.0,2.0,2.0,2.0,5.0,1.0,1.0,1.0,1.0,0.0,1.0,0.0,1.0,1.0,80000.0,0.0,0.0,0.0,40000.0,0.0,0.0,2.0,,0.0,0.0,,,,,,,,,,,,,,,,,,,,,,,,,,,,80000,5,,4,5.0,,5,3804,60000,180000.0,9,,8,9.0,,9,3884,0,0,0,0,0,0,0,0,0,0,0,0,0,360000,9,,9,9.0,,9,180000.0,9,,9,9.0,,10,4090,2023,1,1,1,S,33,2356,1,,2,1,,4,1,1,1,,1,1,1,1,1,2,2,2,2,2,0,1,2,2,2,0,2,0,6,,1,,1,1,2,2,2,2,2,2,2,2,2,2,2,2,2,2,2,2,2,2,2,2,2,2,0,2,360000,9,,9,9.0,,9,180000.0,9,,9,9.0,,10,4090,1,0,98,0,0,0
124,124,TQRMNOPPTHLNKPCDEGPDJ00716918,2023,1,1,1,1,40,N,19,134,1,1,1977-04-12 00:00:00,45,2,1.0,1,2,0,2,2,5.0,1,,1,,1,1,3,0,,0,0,0,0,0,0,0,0,0,0,0,0.0,0.0,0.0,0.0,2.0,0.0,2.0,2.0,4.0,1.0,8401.0,2.0,0.0,0.0,0.0,0.0,9.0,0.0,56314.0,4.0,0.0,0.0,0.0,0.0,0.0,0.0,0.0,0.0,0.0,0.0,0.0,0.0,0.0,0.0,6.0,2.0,0.0,0.0,2.0,2.0,2.0,2.0,5.0,1.0,1.0,1.0,1.0,0.0,1.0,0.0,1.0,1.0,90000.0,0.0,0.0,0.0,0.0,0.0,0.0,0.0,,0.0,0.0,,,,,,,,,,,,,,,,,,,,,,,,,,,,90000,5,6.0,7,,6.0,7,133,0,90000.0,5,6.0,7,,6.0,6,134,0,0,0,0,0,0,0,0,0,0,0,0,0,152000,5,5.0,5,,5.0,6,38000.0,3,3.0,4,,3.0,4,133,2023,1,1,40,N,19,134,1,,3,1,,4,1,1,1,,1,1,1,1,2,2,2,3,2,1,1,1,2,2,2,0,2,0,2,,1,,1,1,2,2,2,2,2,2,2,2,2,2,2,1,2,1,2,2,2,2,2,2,2,4,0,4,152000,5,5.0,5,,5.0,6,38000.0,3,3.0,4,,3.0,4,133,4,0,98,0,0,0
125,125,TQRMNOPPTHLNKPCDEGPDJ00716918,2023,1,1,2,1,40,N,19,134,3,1,2001-02-23 00:00:00,22,5,4.0,1,2,0,4,1,,1,,1,,4,1,3,0,,0,0,0,0,0,0,0,0,0,0,0,1.0,0.0,15.0,0.0,1.0,1.0,1.0,1.0,1.0,2.0,5202.0,2.0,0.0,0.0,0.0,0.0,4.0,0.0,58314.0,1.0,0.0,0.0,0.0,0.0,0.0,0.0,0.0,0.0,0.0,0.0,0.0,0.0,0.0,0.0,4.0,1.0,9.0,4.0,2.0,2.0,2.0,2.0,5.0,2.0,2.0,2.0,2.0,5.0,2.0,2.0,1.0,4.0,27000.0,0.0,0.0,0.0,0.0,0.0,0.0,0.0,,0.0,0.0,,,,,,,,,,,,,,,,,,,,,,,,,,,,27000,1,1.0,2,,1.0,2,132,0,27000.0,1,1.0,2,,1.0,2,134,0,0,0,0,0,0,0,0,0,0,0,0,0,152000,5,5.0,5,,5.0,6,38000.0,3,3.0,4,,3.0,4,133,2023,1,1,40,N,19,134,1,,3,1,,4,1,1,1,,1,1,1,1,2,2,2,3,2,1,1,1,2,2,2,0,2,0,2,,1,,1,1,2,2,2,2,2,2,2,2,2,2,2,1,2,1,2,2,2,2,2,2,2,4,0,4,152000,5,5.0,5,,5.0,6,38000.0,3,3.0,4,,3.0,4,133,4,0,98,0,0,0
126,126,TQRMNOPPTHLNKPCDEGPDJ00716918,2023,1,1,3,1,40,N,19,134,3,1,2005-09-26 00:00:00,17,5,1.0,1,1,1,4,2,3.0,1,,1,,3,3,0,3,,0,0,0,0,0,0,0,0,0,2,2,,,,,,,,,,,,,,,,,,,,,,,,,,,,,,,,,,,,,,,,,,,,,,,,,,,,,,,,,,,,,,,,,,,,,,,,,,,,,,,,,,,,,,,,,,,0,0,0.0,0,,0.0,0,134,0,5000.0,1,1.0,1,,1.0,1,133,0,0,0,0,0,0,0,5000,0,0,0,0,5000,152000,5,5.0,5,,5.0,6,38000.0,3,3.0,4,,3.0,4,133,2023,1,1,40,N,19,134,1,,3,1,,4,1,1,1,,1,1,1,1,2,2,2,3,2,1,1,1,2,2,2,0,2,0,2,,1,,1,1,2,2,2,2,2,2,2,2,2,2,2,1,2,1,2,2,2,2,2,2,2,4,0,4,152000,5,5.0,5,,5.0,6,38000.0,3,3.0,4,,3.0,4,133,4,0,98,0,0,0
127,127,TQRMNOPPTHLNKPCDEGPDJ00716918,2023,1,1,4,1,40,N,19,134,2,2,1981-01-07 00:00:00,42,2,1.0,1,2,0,6,2,2.0,1,,1,,5,1,2,0,,0,0,0,0,0,0,0,0,0,0,0,1.0,0.0,56.0,0.0,2.0,0.0,2.0,2.0,3.0,2.0,4803.0,2.0,0.0,0.0,0.0,0.0,1.0,0.0,30113.0,1.0,0.0,0.0,0.0,1.0,1.0,3.0,1.0,7.0,5.0,2.0,30000.0,0.0,0.0,0.0,0.0,0.0,0.0,0.0,0.0,0.0,0.0,0.0,0.0,0.0,0.0,0.0,0.0,0.0,0.0,0.0,0.0,0.0,0.0,0.0,0.0,0.0,0.0,0.0,0.0,0.0,,0.0,0.0,,,,,,,,,,,,,,,,,,,,,,,,,,,,30000,2,2.0,2,,2.0,3,134,0,30000.0,2,2.0,2,,2.0,2,134,0,0,0,0,0,0,0,0,0,0,0,0,0,152000,5,5.0,5,,5.0,6,38000.0,3,3.0,4,,3.0,4,133,2023,1,1,40,N,19,134,1,,3,1,,4,1,1,1,,1,1,1,1,2,2,2,3,2,1,1,1,2,2,2,0,2,0,2,,1,,1,1,2,2,2,2,2,2,2,2,2,2,2,1,2,1,2,2,2,2,2,2,2,4,0,4,152000,5,5.0,5,,5.0,6,38000.0,3,3.0,4,,3.0,4,133,4,0,98,0,0,0
128,128,TQRMNOQRSHLNKPCDEGPDJ00716919,2023,1,1,1,1,40,N,19,122,1,2,1943-03-23 00:00:00,80,5,1.0,1,2,0,2,1,,1,,1,,2,3,0,1,,0,0,0,0,0,0,0,0,0,2,2,,,,,,,,,,,,,,,,,,,,,,,,,,,,,,,,,,,,,,,,,,,,,,,,,,,,,,,,,,,,,,,,,,,,,,,,,,,,,,,,,,,,,,,,,,,0,0,0.0,0,,0.0,0,122,0,50000.0,3,3.0,3,,3.0,4,121,50000,0,0,0,0,0,0,0,0,0,0,0,50000,267500,8,8.0,8,,8.0,8,38214.29,3,3.0,4,,3.0,4,121,2023,1,1,40,N,19,122,1,,6,1,,2,1,1,1,,1,1,1,1,2,2,2,6,4,2,0,1,1,2,2,0,2,0,1,,1,,1,1,1,2,2,2,2,1,2,2,2,2,2,1,2,2,2,2,2,2,2,2,2,7,0,7,267500,8,8.0,8,,8.0,8,38214.29,3,3.0,4,,3.0,4,121,4,2,3,0,0,0
129,129,TQRMNOQRSHLNKPCDEGPDJ00716919,2023,1,1,2,1,40,N,19,122,9,1,1988-03-25 00:00:00,34,5,1.0,1,2,0,6,1,,1,,1,,6,1,3,0,,0,0,0,0,0,0,0,0,0,0,0,1.0,0.0,40.0,0.0,2.0,0.0,2.0,2.0,2.0,1.0,8401.0,2.0,0.0,0.0,0.0,0.0,10.0,0.0,48313.0,1.0,0.0,0.0,0.0,0.0,0.0,0.0,0.0,0.0,0.0,0.0,0.0,0.0,0.0,0.0,6.0,2.0,0.0,0.0,2.0,2.0,2.0,2.0,5.0,1.0,1.0,1.0,1.0,0.0,1.0,0.0,3.0,1.0,90000.0,0.0,0.0,0.0,0.0,0.0,0.0,0.0,,0.0,0.0,,,,,,,,,,,,,,,,,,,,,,,,,,,,90000,5,6.0,7,,6.0,8,122,0,90000.0,6,6.0,7,,6.0,7,122,0,0,0,0,0,0,0,0,0,0,0,0,0,267500,8,8.0,8,,8.0,8,38214.29,3,3.0,4,,3.0,4,121,2023,1,1,40,N,19,122,1,,6,1,,2,1,1,1,,1,1,1,1,2,2,2,6,4,2,0,1,1,2,2,0,2,0,1,,1,,1,1,1,2,2,2,2,1,2,2,2,2,2,1,2,2,2,2,2,2,2,2,2,7,0,7,267500,8,8.0,8,,8.0,8,38214.29,3,3.0,4,,3.0,4,121,4,2,3,0,0,0
130,130,TQRMNOQRSHLNKPCDEGPDJ00716919,2023,1,1,3,1,40,N,19,122,9,1,1986-03-28 00:00:00,36,2,4.0,1,2,0,4,1,,1,,1,,4,1,2,0,,0,0,0,0,0,0,0,0,0,0,0,1.0,0.0,60.0,0.0,1.0,1.0,1.0,2.0,3.0,2.0,4903.0,2.0,0.0,0.0,0.0,0.0,1.0,0.0,34123.0,4.0,0.0,0.0,0.0,3.0,3.0,2.0,1.0,7.0,5.0,2.0,50000.0,0.0,0.0,0.0,0.0,0.0,0.0,0.0,0.0,0.0,0.0,0.0,0.0,0.0,0.0,0.0,0.0,0.0,0.0,0.0,0.0,0.0,0.0,0.0,0.0,0.0,0.0,0.0,0.0,0.0,,0.0,0.0,,,,,,,,,,,,,,,,,,,,,,,,,,,,50000,3,3.0,4,,3.0,5,121,0,50000.0,3,3.0,3,,3.0,4,121,0,0,0,0,0,0,0,0,0,0,0,0,0,267500,8,8.0,8,,8.0,8,38214.29,3,3.0,4,,3.0,4,121,2023,1,1,40,N,19,122,1,,6,1,,2,1,1,1,,1,1,1,1,2,2,2,6,4,2,0,1,1,2,2,0,2,0,1,,1,,1,1,1,2,2,2,2,1,2,2,2,2,2,1,2,2,2,2,2,2,2,2,2,7,0,7,267500,8,8.0,8,,8.0,8,38214.29,3,3.0,4,,3.0,4,121,4,2,3,0,0,0
131,131,TQRMNOQRSHLNKPCDEGPDJ00716919,2023,1,1,4,1,40,N,19,122,9,2,1986-08-03 00:00:00,36,2,4.0,1,2,0,4,1,,3,90.0,1,,4,1,2,0,,0,0,0,0,0,0,0,0,0,0,0,1.0,0.0,56.0,0.0,1.0,1.0,1.0,1.0,3.0,2.0,4804.0,2.0,0.0,0.0,0.0,0.0,1.0,0.0,30113.0,8.0,0.0,0.0,0.0,3.0,3.0,3.0,1.0,7.0,6.0,2.0,50000.0,0.0,0.0,0.0,0.0,0.0,0.0,0.0,0.0,0.0,0.0,0.0,0.0,0.0,0.0,0.0,0.0,0.0,0.0,0.0,0.0,0.0,0.0,0.0,0.0,0.0,0.0,0.0,0.0,0.0,,0.0,0.0,,,,,,,,,,,,,,,,,,,,,,,,,,,,50000,3,3.0,4,,3.0,4,121,0,72500.0,4,5.0,6,,5.0,5,121,0,0,0,22500,0,0,0,0,0,0,0,0,22500,267500,8,8.0,8,,8.0,8,38214.29,3,3.0,4,,3.0,4,121,2023,1,1,40,N,19,122,1,,6,1,,2,1,1,1,,1,1,1,1,2,2,2,6,4,2,0,1,1,2,2,0,2,0,1,,1,,1,1,1,2,2,2,2,1,2,2,2,2,2,1,2,2,2,2,2,2,2,2,2,7,0,7,267500,8,8.0,8,,8.0,8,38214.29,3,3.0,4,,3.0,4,121,4,2,3,0,0,0
132,132,TQRMNOQRSHLNKPCDEGPDJ00716919,2023,1,1,5,1,40,N,19,122,5,2,2006-02-25 00:00:00,17,5,4.0,1,1,1,4,2,3.0,1,,1,,3,3,0,3,,0,0,0,0,0,0,0,0,0,2,2,,,,,,,,,,,,,,,,,,,,,,,,,,,,,,,,,,,,,,,,,,,,,,,,,,,,,,,,,,,,,,,,,,,,,,,,,,,,,,,,,,,,,,,,,,,0,0,0.0,0,,0.0,0,122,0,5000.0,1,1.0,1,,1.0,1,121,0,0,0,0,0,0,0,5000,0,0,0,0,5000,267500,8,8.0,8,,8.0,8,38214.29,3,3.0,4,,3.0,4,121,2023,1,1,40,N,19,122,1,,6,1,,2,1,1,1,,1,1,1,1,2,2,2,6,4,2,0,1,1,2,2,0,2,0,1,,1,,1,1,1,2,2,2,2,1,2,2,2,2,2,1,2,2,2,2,2,2,2,2,2,7,0,7,267500,8,8.0,8,,8.0,8,38214.29,3,3.0,4,,3.0,4,121,4,2,3,0,0,0
133,133,TQRMNOQRSHLNKPCDEGPDJ00716919,2023,1,1,6,1,40,N,19,122,5,2,2007-07-31 00:00:00,15,5,4.0,1,1,1,4,2,2.0,1,,1,,3,3,0,3,,0,0,0,0,0,0,0,0,0,2,2,,,,,,,,,,,,,,,,,,,,,,,,,,,,,,,,,,,,,,,,,,,,,,,,,,,,,,,,,,,,,,,,,,,,,,,,,,,,,,,,,,,,,,,,,,,0,0,0.0,0,,0.0,0,122,0,0.0,0,0.0,0,,0.0,0,122,0,0,0,0,0,0,0,0,0,0,0,0,0,267500,8,8.0,8,,8.0,8,38214.29,3,3.0,4,,3.0,4,121,2023,1,1,40,N,19,122,1,,6,1,,2,1,1,1,,1,1,1,1,2,2,2,6,4,2,0,1,1,2,2,0,2,0,1,,1,,1,1,1,2,2,2,2,1,2,2,2,2,2,1,2,2,2,2,2,2,2,2,2,7,0,7,267500,8,8.0,8,,8.0,8,38214.29,3,3.0,4,,3.0,4,121,4,2,3,0,0,0
134,134,TQRMNOQRSHLNKPCDEGPDJ00716919,2023,1,1,7,1,40,N,19,122,5,1,2009-06-05 00:00:00,13,5,4.0,1,1,1,4,2,1.0,1,,1,,3,3,0,3,,0,0,0,0,0,0,0,0,0,2,2,,,,,,,,,,,,,,,,,,,,,,,,,,,,,,,,,,,,,,,,,,,,,,,,,,,,,,,,,,,,,,,,,,,,,,,,,,,,,,,,,,,,,,,,,,,0,0,0.0,0,,0.0,0,122,0,0.0,0,0.0,0,,0.0,0,122,0,0,0,0,0,0,0,0,0,0,0,0,0,267500,8,8.0,8,,8.0,8,38214.29,3,3.0,4,,3.0,4,121,2023,1,1,40,N,19,122,1,,6,1,,2,1,1,1,,1,1,1,1,2,2,2,6,4,2,0,1,1,2,2,0,2,0,1,,1,,1,1,1,2,2,2,2,1,2,2,2,2,2,1,2,2,2,2,2,2,2,2,2,7,0,7,267500,8,8.0,8,,8.0,8,38214.29,3,3.0,4,,3.0,4,121,4,2,3,0,0,0
135,135,TQRMNOPWTHMOKQCDEGPDJ00800428,2023,1,1,1,1,40,N,19,191,1,2,1964-01-14 00:00:00,59,3,4.0,1,2,0,4,2,0.0,2,,1,,3,1,2,0,,0,0,0,0,0,0,0,0,0,0,0,1.0,0.0,12.0,0.0,2.0,0.0,2.0,2.0,2.0,2.0,9503.0,2.0,0.0,0.0,0.0,0.0,1.0,0.0,82123.0,1.0,0.0,0.0,0.0,1.0,1.0,3.0,1.0,7.0,6.0,2.0,24000.0,0.0,0.0,0.0,0.0,0.0,0.0,0.0,0.0,0.0,0.0,0.0,0.0,0.0,0.0,0.0,0.0,0.0,0.0,0.0,0.0,0.0,0.0,0.0,0.0,0.0,0.0,0.0,0.0,0.0,,0.0,0.0,,,,,,,,,,,,,,,,,,,,,,,,,,,,24000,1,1.0,2,,1.0,2,193,0,24000.0,1,1.0,2,,1.0,2,192,0,0,0,0,0,0,0,0,0,0,0,0,0,24000,1,1.0,1,,1.0,1,24000.0,1,1.0,2,,1.0,2,196,2023,1,1,40,N,19,191,1,,4,1,,4,1,1,1,,1,1,1,1,2,2,2,2,1,1,1,1,2,2,2,0,2,0,1,,2,,1,1,2,2,2,2,2,2,2,2,2,2,2,2,2,1,2,2,2,2,2,2,2,1,0,1,24000,1,1.0,1,,1.0,1,24000.0,1,1.0,2,,1.0,2,196,1,0,98,0,0,0
136,136,TQRMNOQWSHMOKQCDEGPDJ00800467,2023,1,1,1,1,40,N,19,211,1,1,1932-07-24 00:00:00,90,2,1.0,1,2,0,2,1,,2,,1,,2,3,0,1,,0,0,0,0,0,0,0,0,0,2,2,,,,,,,,,,,,,,,,,,,,,,,,,,,,,,,,,,,,,,,,,,,,,,,,,,,,,,,,,,,,,,,,,,,,,,,,,,,,,,,,,,,,,,,,,,,0,0,0.0,0,,0.0,0,211,0,85000.0,5,5.0,6,,6.0,6,211,85000,0,0,0,0,0,0,0,0,0,0,0,85000,143000,4,5.0,5,,5.0,5,71500.0,6,6.0,7,,6.0,7,212,2023,1,1,40,N,19,211,1,,4,2,,4,2,1,1,,1,1,1,1,2,2,2,4,1,2,0,1,2,1,2,0,2,0,1,,1,,3,2,1,2,2,2,2,2,2,2,2,2,2,2,2,2,2,2,2,2,2,2,2,2,0,2,143000,4,5.0,5,,5.0,5,71500.0,6,6.0,7,,6.0,7,212,1,2,98,0,0,0
137,137,TQRMNOQWSHMOKQCDEGPDJ00800467,2023,1,1,2,1,40,N,19,211,2,2,1946-10-25 00:00:00,76,2,1.0,1,2,0,2,2,3.0,2,,1,,1,3,0,1,,0,0,0,0,0,0,0,0,0,2,2,,,,,,,,,,,,,,,,,,,,,,,,,,,,,,,,,,,,,,,,,,,,,,,,,,,,,,,,,,,,,,,,,,,,,,,,,,,,,,,,,,,,,,,,,,,0,0,0.0,0,,0.0,0,211,0,58000.0,3,3.0,4,,3.0,4,212,58000,0,0,0,0,0,0,0,0,0,0,0,58000,143000,4,5.0,5,,5.0,5,71500.0,6,6.0,7,,6.0,7,212,2023,1,1,40,N,19,211,1,,4,2,,4,2,1,1,,1,1,1,1,2,2,2,4,1,2,0,1,2,1,2,0,2,0,1,,1,,3,2,1,2,2,2,2,2,2,2,2,2,2,2,2,2,2,2,2,2,2,2,2,2,0,2,143000,4,5.0,5,,5.0,5,71500.0,6,6.0,7,,6.0,7,212,1,2,98,0,0,0
138,138,TQRMNOPYRHMMKRCDEGPDJ00800468,2023,1,1,1,1,40,N,19,161,1,1,1944-11-25 00:00:00,78,2,1.0,1,2,0,4,1,,3,50.0,1,,4,3,0,1,,0,0,0,0,0,0,0,0,0,2,2,,,,,,,,,,,,,,,,,,,,,,,,,,,,,,,,,,,,,,,,,,,,,,,,,,,,,,,,,,,,,,,,,,,,,,,,,,,,,,,,,,,,,,,,,,,0,0,0.0,0,,0.0,0,161,0,210000.0,9,9.0,10,,9.0,10,160,140000,0,0,0,0,0,0,0,0,0,0,70000,210000,432500,9,10.0,10,,10.0,10,144166.67,9,9.0,10,,9.0,10,159,2023,1,1,40,N,19,161,1,,4,1,,4,1,1,1,,1,1,1,1,2,2,2,4,2,1,1,1,2,1,2,0,2,0,1,,1,,1,1,1,1,2,2,2,2,2,2,2,2,2,2,2,1,2,2,2,2,2,2,2,3,0,3,432500,9,10.0,10,,10.0,10,144166.67,9,9.0,10,,9.0,10,159,1,2,98,0,0,0
139,139,TQRMNOPYRHMMKRCDEGPDJ00800468,2023,1,1,2,1,40,N,19,161,2,2,1947-06-29 00:00:00,75,2,1.0,1,2,0,4,2,1.0,3,66.0,1,,3,3,0,1,,0,0,0,0,0,0,0,0,0,2,2,,,,,,,,,,,,,,,,,,,,,,,,,,,,,,,,,,,,,,,,,,,,,,,,,,,,,,,,,,,,,,,,,,,,,,,,,,,,,,,,,,,,,,,,,,,0,0,0.0,0,,0.0,0,161,0,67500.0,4,4.0,5,,4.0,5,160,45000,0,0,0,0,0,0,0,0,0,0,22500,67500,432500,9,10.0,10,,10.0,10,144166.67,9,9.0,10,,9.0,10,159,2023,1,1,40,N,19,161,1,,4,1,,4,1,1,1,,1,1,1,1,2,2,2,4,2,1,1,1,2,1,2,0,2,0,1,,1,,1,1,1,1,2,2,2,2,2,2,2,2,2,2,2,1,2,2,2,2,2,2,2,3,0,3,432500,9,10.0,10,,10.0,10,144166.67,9,9.0,10,,9.0,10,159,1,2,98,0,0,0
140,140,TQRMNOPYRHMMKRCDEGPDJ00800468,2023,1,1,3,1,40,N,19,161,3,1,1978-01-01 00:00:00,45,5,1.0,1,2,0,6,1,,1,,1,,6,1,3,0,,0,0,0,0,0,0,0,0,0,0,0,0.0,0.0,0.0,0.0,2.0,0.0,2.0,2.0,4.0,1.0,8401.0,2.0,0.0,0.0,0.0,0.0,99.0,3.0,10333.0,1.0,0.0,0.0,0.0,0.0,0.0,0.0,0.0,0.0,0.0,0.0,0.0,0.0,0.0,0.0,6.0,2.0,0.0,0.0,2.0,2.0,2.0,2.0,5.0,1.0,1.0,1.0,1.0,0.0,1.0,0.0,1.0,1.0,90000.0,0.0,0.0,0.0,45000.0,20000.0,0.0,0.0,,0.0,0.0,,,,,,,,,,,,,,,,,,,,,,,,,,,,90000,5,6.0,7,,6.0,8,159,0,155000.0,8,8.0,9,,8.0,9,161,0,0,0,0,0,0,0,0,0,0,0,0,0,432500,9,10.0,10,,10.0,10,144166.67,9,9.0,10,,9.0,10,159,2023,1,1,40,N,19,161,1,,4,1,,4,1,1,1,,1,1,1,1,2,2,2,4,2,1,1,1,2,1,2,0,2,0,1,,1,,1,1,1,1,2,2,2,2,2,2,2,2,2,2,2,1,2,2,2,2,2,2,2,3,0,3,432500,9,10.0,10,,10.0,10,144166.67,9,9.0,10,,9.0,10,159,1,2,98,0,0,0
141,141,TQRMNOPUQHLLKOCDEFKID00714937,2023,1,1,1,1,43,S,4,1108,1,1,1900-01-01 00:00:00,28,5,2.0,1,1,2,7,2,4.0,3,6.0,1,,5,3,0,3,,0,0,0,0,0,0,0,0,0,2,2,,,,,,,,,,,,,,,,,,,,,,,,,,,,,,,,,,,,,,,,,,,,,,,,,,,,,,,,,,,,,,,,,,,,,,,,,,,,,,,,,,,,,,,,,,,0,0,0.0,0,0.0,,0,1108,0,80000.0,5,5.0,5,5.0,,4,1384,0,0,0,0,0,0,0,0,80000,0,0,0,80000,80000,2,2.0,2,2.0,,2,80000.0,6,6.0,6,6.0,,5,959,2023,1,1,43,S,4,1108,2,,3,1,,9,1,1,1,,1,1,1,1,2,2,2,3,1,2,0,1,2,2,2,0,2,0,3,,1,,1,2,2,2,2,2,2,2,2,1,2,2,2,2,1,2,2,2,1,2,2,2,2,1,0,1,80000,2,2.0,2,2.0,,2,80000.0,6,6.0,6,6.0,,5,959,1,0,96,0,0,0
142,142,TQRMNORYSHLLLQCDEHPJB00717852,2023,1,1,1,1,40,S,29,439,1,2,1959-07-25 00:00:00,63,1,1.0,1,2,0,4,1,,1,,1,,4,3,0,4,,0,0,0,0,0,0,0,0,0,2,2,,,,,,,,,,,,,,,,,,,,,,,,,,,,,,,,,,,,,,,,,,,,,,,,,,,,,,,,,,,,,,,,,,,,,,,,,,,,,,,,,,,,,,,,,,,0,0,0.0,0,0.0,,0,439,0,0.0,0,0.0,0,0.0,,0,439,0,0,0,0,0,0,0,0,0,0,0,0,0,270000,8,8.0,9,8.0,,9,135000.0,8,9.0,10,8.0,,10,508,2023,1,1,40,S,29,439,1,,2,2,,4,1,1,1,,1,1,1,1,2,2,2,2,1,2,0,1,1,1,2,0,2,0,1,,2,,1,1,2,2,2,2,2,2,2,2,2,2,2,2,2,2,2,2,2,2,2,2,2,2,0,2,270000,8,8.0,9,8.0,,9,135000.0,8,9.0,10,8.0,,10,508,1,0,98,0,0,0
143,143,TQRMNORYSHLLLQCDEHPJB00717852,2023,1,1,2,1,40,S,29,439,2,1,1960-02-04 00:00:00,62,1,1.0,1,2,0,4,2,4.0,1,,1,,3,1,3,0,,0,0,0,0,0,0,0,0,0,0,0,0.0,0.0,0.0,0.0,2.0,0.0,2.0,2.0,4.0,2.0,5300.0,2.0,0.0,0.0,0.0,0.0,12.0,0.0,36333.0,1.0,0.0,0.0,0.0,0.0,0.0,0.0,0.0,0.0,0.0,0.0,0.0,0.0,0.0,0.0,6.0,2.0,0.0,0.0,2.0,2.0,2.0,2.0,5.0,1.0,1.0,1.0,1.0,0.0,1.0,0.0,1.0,1.0,180000.0,0.0,0.0,0.0,90000.0,0.0,0.0,0.0,,0.0,0.0,,,,,,,,,,,,,,,,,,,,,,,,,,,,180000,9,9.0,10,9.0,,10,499,0,270000.0,10,10.0,10,10.0,,10,482,0,0,0,0,0,0,0,0,0,0,0,0,0,270000,8,8.0,9,8.0,,9,135000.0,8,9.0,10,8.0,,10,508,2023,1,1,40,S,29,439,1,,2,2,,4,1,1,1,,1,1,1,1,2,2,2,2,1,2,0,1,1,1,2,0,2,0,1,,2,,1,1,2,2,2,2,2,2,2,2,2,2,2,2,2,2,2,2,2,2,2,2,2,2,0,2,270000,8,8.0,9,8.0,,9,135000.0,8,9.0,10,8.0,,10,508,1,0,98,0,0,0
144,144,TQRMNOTURHKOLPCDEHPJB00779440,2023,1,1,1,1,40,S,29,432,1,2,1944-09-28 00:00:00,78,4,1.0,1,2,0,2,1,,2,,1,,2,3,0,1,,0,0,0,0,0,0,0,0,0,2,2,,,,,,,,,,,,,,,,,,,,,,,,,,,,,,,,,,,,,,,,,,,,,,,,,,,,,,,,,,,,,,,,,,,,,,,,,,,,,,,,,,,,,,,,,,,0,0,0.0,0,0.0,,0,432,0,57000.0,3,3.0,4,3.0,,4,429,47000,0,0,0,0,0,0,0,0,0,0,0,57000,57000,1,1.0,1,1.0,,1,14250.0,1,1.0,1,1.0,,1,474,2023,1,1,40,S,29,432,1,,2,1,,4,1,1,1,,1,1,1,1,1,1,2,2,2,2,0,1,1,2,2,0,2,0,1,,1,,1,2,1,2,1,2,2,2,2,2,2,2,2,2,2,2,2,2,2,2,2,2,2,4,0,4,57000,1,1.0,1,1.0,,1,14250.0,1,1.0,1,1.0,,1,474,2,0,98,0,0,0
145,145,TQRMNOTURHKOLPCDEHPJB00779440,2023,1,1,2,1,40,S,29,432,3,2,1963-05-16 00:00:00,59,3,4.0,1,2,0,4,1,,2,,1,,4,3,0,4,,0,0,0,0,0,0,0,0,0,2,2,,,,,,,,,,,,,,,,,,,,,,,,,,,,,,,,,,,,,,,,,,,,,,,,,,,,,,,,,,,,,,,,,,,,,,,,,,,,,,,,,,,,,,,,,,,0,0,0.0,0,0.0,,0,432,0,0.0,0,0.0,0,0.0,,0,432,0,0,0,0,0,0,0,0,0,0,0,0,0,57000,1,1.0,1,1.0,,1,14250.0,1,1.0,1,1.0,,1,474,2023,1,1,40,S,29,432,1,,2,1,,4,1,1,1,,1,1,1,1,1,1,2,2,2,2,0,1,1,2,2,0,2,0,1,,1,,1,2,1,2,1,2,2,2,2,2,2,2,2,2,2,2,2,2,2,2,2,2,2,4,0,4,57000,1,1.0,1,1.0,,1,14250.0,1,1.0,1,1.0,,1,474,2,0,98,0,0,0
146,146,TQRMNOTURHKOLPCDEHPJB00779440,2023,1,1,3,1,40,S,29,432,5,1,1989-03-14 00:00:00,33,5,4.0,1,2,0,4,2,4.0,1,,1,,3,2,3,0,,2,1,1,2,2,2,2,2,0,0,0,,,,,,,,,,,,,,,,,,,,,,,,,,,,,,,,,,,,,,,,,,,,,,,,,,,,,,,,,,,,,,,,,5.0,1.0,0.0,5.0,2.0,8200.0,2.0,0.0,0.0,0.0,6.0,0.0,32323.0,0.0,4.0,0.0,0.0,1.0,3.0,2.0,8.0,0.0,0.0,0.0,0.0,2.0,0,0,0.0,0,0.0,,0,432,0,0.0,0,0.0,0,0.0,,0,432,0,0,0,0,0,0,0,0,0,0,0,0,0,57000,1,1.0,1,1.0,,1,14250.0,1,1.0,1,1.0,,1,474,2023,1,1,40,S,29,432,1,,2,1,,4,1,1,1,,1,1,1,1,1,1,2,2,2,2,0,1,1,2,2,0,2,0,1,,1,,1,2,1,2,1,2,2,2,2,2,2,2,2,2,2,2,2,2,2,2,2,2,2,4,0,4,57000,1,1.0,1,1.0,,1,14250.0,1,1.0,1,1.0,,1,474,2,0,98,0,0,0
147,147,TQRMNOTURHKOLPCDEHPJB00779440,2023,1,1,4,1,40,S,29,432,5,1,1992-06-08 00:00:00,30,5,4.0,1,1,2,4,2,3.0,1,,1,,3,3,0,3,,0,0,0,0,0,0,0,0,0,2,2,,,,,,,,,,,,,,,,,,,,,,,,,,,,,,,,,,,,,,,,,,,,,,,,,,,,,,,,,,,,,,,,,,,,,,,,,,,,,,,,,,,,,,,,,,,0,0,0.0,0,0.0,,0,432,0,0.0,0,0.0,0,0.0,,0,432,0,0,0,0,0,0,0,0,0,0,0,0,0,57000,1,1.0,1,1.0,,1,14250.0,1,1.0,1,1.0,,1,474,2023,1,1,40,S,29,432,1,,2,1,,4,1,1,1,,1,1,1,1,1,1,2,2,2,2,0,1,1,2,2,0,2,0,1,,1,,1,2,1,2,1,2,2,2,2,2,2,2,2,2,2,2,2,2,2,2,2,2,2,4,0,4,57000,1,1.0,1,1.0,,1,14250.0,1,1.0,1,1.0,,1,474,2,0,98,0,0,0
148,148,TQRMNOPPWHJOLQCDEHPJB00801378,2023,1,1,1,1,40,S,29,262,1,2,1997-04-12 00:00:00,25,5,4.0,1,1,1,7,2,1.0,1,,1,,5,1,3,0,,0,0,0,0,0,0,0,0,0,0,0,1.0,0.0,42.0,0.0,2.0,0.0,2.0,1.0,2.0,2.0,5601.0,2.0,0.0,0.0,0.0,0.0,6.0,0.0,53313.0,1.0,0.0,0.0,0.0,0.0,0.0,0.0,0.0,0.0,0.0,0.0,0.0,0.0,0.0,0.0,4.0,2.0,0.0,0.0,1.0,2.0,1.0,2.0,0.0,1.0,1.0,1.0,2.0,0.0,2.0,2.0,3.0,4.0,43000.0,0.0,0.0,0.0,0.0,0.0,0.0,0.0,,0.0,0.0,,,,,,,,,,,,,,,,,,,,,,,,,,,,43000,3,3.0,3,2.0,,3,280,5000,48000.0,2,3.0,3,2.0,,3,300,0,0,0,0,0,0,0,0,0,0,0,0,0,48000,1,1.0,1,1.0,,1,48000.0,4,4.0,5,3.0,,5,295,2023,1,1,40,S,29,262,2,,2,1,,4,1,1,1,,1,1,1,1,2,2,2,2,1,2,0,1,1,1,2,0,2,0,1,,2,,1,1,2,2,2,2,2,2,2,2,2,2,2,2,2,1,2,2,1,2,2,2,2,1,0,1,48000,1,1.0,1,1.0,,1,48000.0,4,4.0,5,3.0,,5,295,1,0,98,0,0,0
149,149,TQRMNOPXPHLOLTCDEHPJB00717871,2023,1,1,1,1,40,S,29,392,1,2,1969-05-03 00:00:00,53,1,2.0,1,2,0,2,1,,2,,1,,2,3,0,4,,0,0,0,0,0,0,0,0,0,2,2,,,,,,,,,,,,,,,,,,,,,,,,,,,,,,,,,,,,,,,,,,,,,,,,,,,,,,,,,,,,,,,,,,,,,,,,,,,,,,,,,,,,,,,,,,,0,0,0.0,0,0.0,,0,392,0,0.0,0,0.0,0,0.0,,0,392,0,0,0,0,0,0,0,0,0,0,0,0,0,107500,3,3.0,3,3.0,,4,13437.5,1,1.0,1,1.0,,1,525,2023,1,1,40,S,29,392,1,,2,2,,4,2,1,1,,1,2,2,3,2,1,2,2,2,2,0,1,2,2,2,0,2,0,1,,2,,1,1,2,2,2,2,2,1,2,2,2,2,2,2,1,2,2,2,2,2,2,2,2,8,1,7,107500,3,3.0,3,3.0,,4,13437.5,1,1.0,1,1.0,,1,525,1,3,5,0,0,0
